cdp	depth	vel
0.0	1.8	388.1580380990911
0.0	2.8	424.9160861591181
0.0	3.8	551.4997093342714
0.0	4.8	625.5996735885345
0.0	5.8	698.4220480591752
0.0	6.8	830.0224977949886
0.0	7.8	928.3218644369445
0.0	8.8	1137.855208404722
0.0	9.8	1430.9260769347677
0.0	10.8	1540.6665129971595
0.0	11.8	1675.4048013671052
0.0	12.8	1768.0667830721213
0.0	13.8	1793.1324607746574
0.0	14.8	1828.5731254454201
0.0	15.8	1687.229008630424
0.0	16.8	1561.1798960853248
0.0	17.8	1486.6098414033745
0.0	18.8	1467.7181034320924
0.0	19.8	1479.2815921700308
0.0	20.8	1373.407417204272
0.0	21.8	1302.1866053646522
0.0	22.8	1287.2329295071097
0.0	23.8	1292.6280889946313
0.0	24.8	1304.188798352696
0.0	25.8	1277.8266665730566
0.0	26.8	1285.4392692711424
0.0	27.8	1226.222784553526
0.0	28.8	1155.1904333602001
0.0	29.8	1114.962072217591
1.0	1.8	388.1580380990911
1.0	2.8	424.9160861591181
1.0	3.8	551.4997093342714
1.0	4.8	625.5996735885345
1.0	5.8	698.4220480591752
1.0	6.8	830.0224977949886
1.0	7.8	928.3218644369445
1.0	8.8	1137.855208404722
1.0	9.8	1430.9260769347677
1.0	10.8	1540.6665129971595
1.0	11.8	1675.4048013671052
1.0	12.8	1768.0667830721213
1.0	13.8	1793.1324607746574
1.0	14.8	1828.5731254454201
1.0	15.8	1687.229008630424
1.0	16.8	1561.1798960853248
1.0	17.8	1486.6098414033745
1.0	18.8	1467.7181034320924
1.0	19.8	1479.2815921700308
1.0	20.8	1373.407417204272
1.0	21.8	1302.1866053646522
1.0	22.8	1287.2329295071097
1.0	23.8	1292.6280889946313
1.0	24.8	1304.188798352696
1.0	25.8	1277.8266665730566
1.0	26.8	1285.4392692711424
1.0	27.8	1226.222784553526
1.0	28.8	1155.1904333602001
1.0	29.8	1114.962072217591
2.0	1.8	388.1580380990911
2.0	2.8	424.9160861591181
2.0	3.8	551.4997093342714
2.0	4.8	625.5996735885345
2.0	5.8	698.4220480591752
2.0	6.8	830.0224977949886
2.0	7.8	928.3218644369445
2.0	8.8	1137.855208404722
2.0	9.8	1430.9260769347677
2.0	10.8	1540.6665129971595
2.0	11.8	1675.4048013671052
2.0	12.8	1768.0667830721213
2.0	13.8	1793.1324607746574
2.0	14.8	1828.5731254454201
2.0	15.8	1687.229008630424
2.0	16.8	1561.1798960853248
2.0	17.8	1486.6098414033745
2.0	18.8	1467.7181034320924
2.0	19.8	1479.2815921700308
2.0	20.8	1373.407417204272
2.0	21.8	1302.1866053646522
2.0	22.8	1287.2329295071097
2.0	23.8	1292.6280889946313
2.0	24.8	1304.188798352696
2.0	25.8	1277.8266665730566
2.0	26.8	1285.4392692711424
2.0	27.8	1226.222784553526
2.0	28.8	1155.1904333602001
2.0	29.8	1114.962072217591
3.0	1.8	388.1580380990911
3.0	2.8	424.9160861591181
3.0	3.8	551.4997093342714
3.0	4.8	625.5996735885345
3.0	5.8	698.4220480591752
3.0	6.8	830.0224977949886
3.0	7.8	928.3218644369445
3.0	8.8	1137.855208404722
3.0	9.8	1430.9260769347677
3.0	10.8	1540.6665129971595
3.0	11.8	1675.4048013671052
3.0	12.8	1768.0667830721213
3.0	13.8	1793.1324607746574
3.0	14.8	1828.5731254454201
3.0	15.8	1687.229008630424
3.0	16.8	1561.1798960853248
3.0	17.8	1486.6098414033745
3.0	18.8	1467.7181034320924
3.0	19.8	1479.2815921700308
3.0	20.8	1373.407417204272
3.0	21.8	1302.1866053646522
3.0	22.8	1287.2329295071097
3.0	23.8	1292.6280889946313
3.0	24.8	1304.188798352696
3.0	25.8	1277.8266665730566
3.0	26.8	1285.4392692711424
3.0	27.8	1226.222784553526
3.0	28.8	1155.1904333602001
3.0	29.8	1114.962072217591
4.0	1.8	388.1580380990911
4.0	2.8	424.9160861591181
4.0	3.8	551.4997093342714
4.0	4.8	625.5996735885345
4.0	5.8	698.4220480591752
4.0	6.8	830.0224977949886
4.0	7.8	928.3218644369445
4.0	8.8	1137.855208404722
4.0	9.8	1430.9260769347677
4.0	10.8	1540.6665129971595
4.0	11.8	1675.4048013671052
4.0	12.8	1768.0667830721213
4.0	13.8	1793.1324607746574
4.0	14.8	1828.5731254454201
4.0	15.8	1687.229008630424
4.0	16.8	1561.1798960853248
4.0	17.8	1486.6098414033745
4.0	18.8	1467.7181034320924
4.0	19.8	1479.2815921700308
4.0	20.8	1373.407417204272
4.0	21.8	1302.1866053646522
4.0	22.8	1287.2329295071097
4.0	23.8	1292.6280889946313
4.0	24.8	1304.188798352696
4.0	25.8	1277.8266665730566
4.0	26.8	1285.4392692711424
4.0	27.8	1226.222784553526
4.0	28.8	1155.1904333602001
4.0	29.8	1114.962072217591
5.0	1.8	388.1580380990911
5.0	2.8	424.9160861591181
5.0	3.8	551.4997093342714
5.0	4.8	625.5996735885345
5.0	5.8	698.4220480591752
5.0	6.8	830.0224977949886
5.0	7.8	928.3218644369445
5.0	8.8	1137.855208404722
5.0	9.8	1430.9260769347677
5.0	10.8	1540.6665129971595
5.0	11.8	1675.4048013671052
5.0	12.8	1768.0667830721213
5.0	13.8	1793.1324607746574
5.0	14.8	1828.5731254454201
5.0	15.8	1687.229008630424
5.0	16.8	1561.1798960853248
5.0	17.8	1486.6098414033745
5.0	18.8	1467.7181034320924
5.0	19.8	1479.2815921700308
5.0	20.8	1373.407417204272
5.0	21.8	1302.1866053646522
5.0	22.8	1287.2329295071097
5.0	23.8	1292.6280889946313
5.0	24.8	1304.188798352696
5.0	25.8	1277.8266665730566
5.0	26.8	1285.4392692711424
5.0	27.8	1226.222784553526
5.0	28.8	1155.1904333602001
5.0	29.8	1114.962072217591
6.0	1.8	388.1580380990911
6.0	2.8	424.9160861591181
6.0	3.8	551.4997093342714
6.0	4.8	625.5996735885345
6.0	5.8	698.4220480591752
6.0	6.8	830.0224977949886
6.0	7.8	928.3218644369445
6.0	8.8	1137.855208404722
6.0	9.8	1430.9260769347677
6.0	10.8	1540.6665129971595
6.0	11.8	1675.4048013671052
6.0	12.8	1768.0667830721213
6.0	13.8	1793.1324607746574
6.0	14.8	1828.5731254454201
6.0	15.8	1687.229008630424
6.0	16.8	1561.1798960853248
6.0	17.8	1486.6098414033745
6.0	18.8	1467.7181034320924
6.0	19.8	1479.2815921700308
6.0	20.8	1373.407417204272
6.0	21.8	1302.1866053646522
6.0	22.8	1287.2329295071097
6.0	23.8	1292.6280889946313
6.0	24.8	1304.188798352696
6.0	25.8	1277.8266665730566
6.0	26.8	1285.4392692711424
6.0	27.8	1226.222784553526
6.0	28.8	1155.1904333602001
6.0	29.8	1114.962072217591
7.0	1.8	388.1580380990911
7.0	2.8	424.9160861591181
7.0	3.8	551.4997093342714
7.0	4.8	625.5996735885345
7.0	5.8	698.4220480591752
7.0	6.8	830.0224977949886
7.0	7.8	928.3218644369445
7.0	8.8	1137.855208404722
7.0	9.8	1430.9260769347677
7.0	10.8	1540.6665129971595
7.0	11.8	1675.4048013671052
7.0	12.8	1768.0667830721213
7.0	13.8	1793.1324607746574
7.0	14.8	1828.5731254454201
7.0	15.8	1687.229008630424
7.0	16.8	1561.1798960853248
7.0	17.8	1486.6098414033745
7.0	18.8	1467.7181034320924
7.0	19.8	1479.2815921700308
7.0	20.8	1373.407417204272
7.0	21.8	1302.1866053646522
7.0	22.8	1287.2329295071097
7.0	23.8	1292.6280889946313
7.0	24.8	1304.188798352696
7.0	25.8	1277.8266665730566
7.0	26.8	1285.4392692711424
7.0	27.8	1226.222784553526
7.0	28.8	1155.1904333602001
7.0	29.8	1114.962072217591
8.0	1.8	388.1580380990911
8.0	2.8	424.9160861591181
8.0	3.8	551.4997093342714
8.0	4.8	625.5996735885345
8.0	5.8	698.4220480591752
8.0	6.8	830.0224977949886
8.0	7.8	928.3218644369445
8.0	8.8	1137.855208404722
8.0	9.8	1430.9260769347677
8.0	10.8	1540.6665129971595
8.0	11.8	1675.4048013671052
8.0	12.8	1768.0667830721213
8.0	13.8	1793.1324607746574
8.0	14.8	1828.5731254454201
8.0	15.8	1687.229008630424
8.0	16.8	1561.1798960853248
8.0	17.8	1486.6098414033745
8.0	18.8	1467.7181034320924
8.0	19.8	1479.2815921700308
8.0	20.8	1373.407417204272
8.0	21.8	1302.1866053646522
8.0	22.8	1287.2329295071097
8.0	23.8	1292.6280889946313
8.0	24.8	1304.188798352696
8.0	25.8	1277.8266665730566
8.0	26.8	1285.4392692711424
8.0	27.8	1226.222784553526
8.0	28.8	1155.1904333602001
8.0	29.8	1114.962072217591
9.0	1.8	388.1580380990911
9.0	2.8	424.9160861591181
9.0	3.8	551.4997093342714
9.0	4.8	625.5996735885345
9.0	5.8	698.4220480591752
9.0	6.8	830.0224977949886
9.0	7.8	928.3218644369445
9.0	8.8	1137.855208404722
9.0	9.8	1430.9260769347677
9.0	10.8	1540.6665129971595
9.0	11.8	1675.4048013671052
9.0	12.8	1768.0667830721213
9.0	13.8	1793.1324607746574
9.0	14.8	1828.5731254454201
9.0	15.8	1687.229008630424
9.0	16.8	1561.1798960853248
9.0	17.8	1486.6098414033745
9.0	18.8	1467.7181034320924
9.0	19.8	1479.2815921700308
9.0	20.8	1373.407417204272
9.0	21.8	1302.1866053646522
9.0	22.8	1287.2329295071097
9.0	23.8	1292.6280889946313
9.0	24.8	1304.188798352696
9.0	25.8	1277.8266665730566
9.0	26.8	1285.4392692711424
9.0	27.8	1226.222784553526
9.0	28.8	1155.1904333602001
9.0	29.8	1114.962072217591
10.0	1.8	388.1580380990911
10.0	2.8	424.9160861591181
10.0	3.8	551.4997093342714
10.0	4.8	625.5996735885345
10.0	5.8	698.4220480591752
10.0	6.8	830.0224977949886
10.0	7.8	928.3218644369445
10.0	8.8	1137.855208404722
10.0	9.8	1430.9260769347677
10.0	10.8	1540.6665129971595
10.0	11.8	1675.4048013671052
10.0	12.8	1768.0667830721213
10.0	13.8	1793.1324607746574
10.0	14.8	1828.5731254454201
10.0	15.8	1687.229008630424
10.0	16.8	1561.1798960853248
10.0	17.8	1486.6098414033745
10.0	18.8	1467.7181034320924
10.0	19.8	1479.2815921700308
10.0	20.8	1373.407417204272
10.0	21.8	1302.1866053646522
10.0	22.8	1287.2329295071097
10.0	23.8	1292.6280889946313
10.0	24.8	1304.188798352696
10.0	25.8	1277.8266665730566
10.0	26.8	1285.4392692711424
10.0	27.8	1226.222784553526
10.0	28.8	1155.1904333602001
10.0	29.8	1114.962072217591
11.0	1.8	388.1580380990911
11.0	2.8	424.9160861591181
11.0	3.8	551.4997093342714
11.0	4.8	625.5996735885345
11.0	5.8	698.4220480591752
11.0	6.8	830.0224977949886
11.0	7.8	928.3218644369445
11.0	8.8	1137.855208404722
11.0	9.8	1430.9260769347677
11.0	10.8	1540.6665129971595
11.0	11.8	1675.4048013671052
11.0	12.8	1768.0667830721213
11.0	13.8	1793.1324607746574
11.0	14.8	1828.5731254454201
11.0	15.8	1687.229008630424
11.0	16.8	1561.1798960853248
11.0	17.8	1486.6098414033745
11.0	18.8	1467.7181034320924
11.0	19.8	1479.2815921700308
11.0	20.8	1373.407417204272
11.0	21.8	1302.1866053646522
11.0	22.8	1287.2329295071097
11.0	23.8	1292.6280889946313
11.0	24.8	1304.188798352696
11.0	25.8	1277.8266665730566
11.0	26.8	1285.4392692711424
11.0	27.8	1226.222784553526
11.0	28.8	1155.1904333602001
11.0	29.8	1114.962072217591
12.0	1.8	388.1580380990911
12.0	2.8	424.9160861591181
12.0	3.8	551.4997093342714
12.0	4.8	625.5996735885345
12.0	5.8	698.4220480591752
12.0	6.8	830.0224977949886
12.0	7.8	928.3218644369445
12.0	8.8	1137.855208404722
12.0	9.8	1430.9260769347677
12.0	10.8	1540.6665129971595
12.0	11.8	1675.4048013671052
12.0	12.8	1768.0667830721213
12.0	13.8	1793.1324607746574
12.0	14.8	1828.5731254454201
12.0	15.8	1687.229008630424
12.0	16.8	1561.1798960853248
12.0	17.8	1486.6098414033745
12.0	18.8	1467.7181034320924
12.0	19.8	1479.2815921700308
12.0	20.8	1373.407417204272
12.0	21.8	1302.1866053646522
12.0	22.8	1287.2329295071097
12.0	23.8	1292.6280889946313
12.0	24.8	1304.188798352696
12.0	25.8	1277.8266665730566
12.0	26.8	1285.4392692711424
12.0	27.8	1226.222784553526
12.0	28.8	1155.1904333602001
12.0	29.8	1114.962072217591
13.0	1.8	388.1580380990911
13.0	2.8	424.9160861591181
13.0	3.8	551.4997093342714
13.0	4.8	625.5996735885345
13.0	5.8	698.4220480591752
13.0	6.8	830.0224977949886
13.0	7.8	928.3218644369445
13.0	8.8	1137.855208404722
13.0	9.8	1430.9260769347677
13.0	10.8	1540.6665129971595
13.0	11.8	1675.4048013671052
13.0	12.8	1768.0667830721213
13.0	13.8	1793.1324607746574
13.0	14.8	1828.5731254454201
13.0	15.8	1687.229008630424
13.0	16.8	1561.1798960853248
13.0	17.8	1486.6098414033745
13.0	18.8	1467.7181034320924
13.0	19.8	1479.2815921700308
13.0	20.8	1373.407417204272
13.0	21.8	1302.1866053646522
13.0	22.8	1287.2329295071097
13.0	23.8	1292.6280889946313
13.0	24.8	1304.188798352696
13.0	25.8	1277.8266665730566
13.0	26.8	1285.4392692711424
13.0	27.8	1226.222784553526
13.0	28.8	1155.1904333602001
13.0	29.8	1114.962072217591
14.0	1.8	388.1580380990911
14.0	2.8	424.9160861591181
14.0	3.8	551.4997093342714
14.0	4.8	625.5996735885345
14.0	5.8	698.4220480591752
14.0	6.8	830.0224977949886
14.0	7.8	928.3218644369445
14.0	8.8	1137.855208404722
14.0	9.8	1430.9260769347677
14.0	10.8	1540.6665129971595
14.0	11.8	1675.4048013671052
14.0	12.8	1768.0667830721213
14.0	13.8	1793.1324607746574
14.0	14.8	1828.5731254454201
14.0	15.8	1687.229008630424
14.0	16.8	1561.1798960853248
14.0	17.8	1486.6098414033745
14.0	18.8	1467.7181034320924
14.0	19.8	1479.2815921700308
14.0	20.8	1373.407417204272
14.0	21.8	1302.1866053646522
14.0	22.8	1287.2329295071097
14.0	23.8	1292.6280889946313
14.0	24.8	1304.188798352696
14.0	25.8	1277.8266665730566
14.0	26.8	1285.4392692711424
14.0	27.8	1226.222784553526
14.0	28.8	1155.1904333602001
14.0	29.8	1114.962072217591
15.0	1.8	388.1580380990911
15.0	2.8	424.9160861591181
15.0	3.8	551.4997093342714
15.0	4.8	625.5996735885345
15.0	5.8	698.4220480591752
15.0	6.8	830.0224977949886
15.0	7.8	928.3218644369445
15.0	8.8	1137.855208404722
15.0	9.8	1430.9260769347677
15.0	10.8	1540.6665129971595
15.0	11.8	1675.4048013671052
15.0	12.8	1768.0667830721213
15.0	13.8	1793.1324607746574
15.0	14.8	1828.5731254454201
15.0	15.8	1687.229008630424
15.0	16.8	1561.1798960853248
15.0	17.8	1486.6098414033745
15.0	18.8	1467.7181034320924
15.0	19.8	1479.2815921700308
15.0	20.8	1373.407417204272
15.0	21.8	1302.1866053646522
15.0	22.8	1287.2329295071097
15.0	23.8	1292.6280889946313
15.0	24.8	1304.188798352696
15.0	25.8	1277.8266665730566
15.0	26.8	1285.4392692711424
15.0	27.8	1226.222784553526
15.0	28.8	1155.1904333602001
15.0	29.8	1114.962072217591
16.0	1.8	388.1580380990911
16.0	2.8	424.9160861591181
16.0	3.8	551.4997093342714
16.0	4.8	625.5996735885345
16.0	5.8	698.4220480591752
16.0	6.8	830.0224977949886
16.0	7.8	928.3218644369445
16.0	8.8	1137.855208404722
16.0	9.8	1430.9260769347677
16.0	10.8	1540.6665129971595
16.0	11.8	1675.4048013671052
16.0	12.8	1768.0667830721213
16.0	13.8	1793.1324607746574
16.0	14.8	1828.5731254454201
16.0	15.8	1687.229008630424
16.0	16.8	1561.1798960853248
16.0	17.8	1486.6098414033745
16.0	18.8	1467.7181034320924
16.0	19.8	1479.2815921700308
16.0	20.8	1373.407417204272
16.0	21.8	1302.1866053646522
16.0	22.8	1287.2329295071097
16.0	23.8	1292.6280889946313
16.0	24.8	1304.188798352696
16.0	25.8	1277.8266665730566
16.0	26.8	1285.4392692711424
16.0	27.8	1226.222784553526
16.0	28.8	1155.1904333602001
16.0	29.8	1114.962072217591
17.0	1.8	388.1580380990911
17.0	2.8	424.9160861591181
17.0	3.8	551.4997093342714
17.0	4.8	625.5996735885345
17.0	5.8	698.4220480591752
17.0	6.8	830.0224977949886
17.0	7.8	928.3218644369445
17.0	8.8	1137.855208404722
17.0	9.8	1430.9260769347677
17.0	10.8	1540.6665129971595
17.0	11.8	1675.4048013671052
17.0	12.8	1768.0667830721213
17.0	13.8	1793.1324607746574
17.0	14.8	1828.5731254454201
17.0	15.8	1687.229008630424
17.0	16.8	1561.1798960853248
17.0	17.8	1486.6098414033745
17.0	18.8	1467.7181034320924
17.0	19.8	1479.2815921700308
17.0	20.8	1373.407417204272
17.0	21.8	1302.1866053646522
17.0	22.8	1287.2329295071097
17.0	23.8	1292.6280889946313
17.0	24.8	1304.188798352696
17.0	25.8	1277.8266665730566
17.0	26.8	1285.4392692711424
17.0	27.8	1226.222784553526
17.0	28.8	1155.1904333602001
17.0	29.8	1114.962072217591
18.0	1.8	388.1580380990911
18.0	2.8	424.9160861591181
18.0	3.8	551.4997093342714
18.0	4.8	625.5996735885345
18.0	5.8	698.4220480591752
18.0	6.8	830.0224977949886
18.0	7.8	928.3218644369445
18.0	8.8	1137.855208404722
18.0	9.8	1430.9260769347677
18.0	10.8	1540.6665129971595
18.0	11.8	1675.4048013671052
18.0	12.8	1768.0667830721213
18.0	13.8	1793.1324607746574
18.0	14.8	1828.5731254454201
18.0	15.8	1687.229008630424
18.0	16.8	1561.1798960853248
18.0	17.8	1486.6098414033745
18.0	18.8	1467.7181034320924
18.0	19.8	1479.2815921700308
18.0	20.8	1373.407417204272
18.0	21.8	1302.1866053646522
18.0	22.8	1287.2329295071097
18.0	23.8	1292.6280889946313
18.0	24.8	1304.188798352696
18.0	25.8	1277.8266665730566
18.0	26.8	1285.4392692711424
18.0	27.8	1226.222784553526
18.0	28.8	1155.1904333602001
18.0	29.8	1114.962072217591
19.0	1.8	388.1580380990911
19.0	2.8	424.9160861591181
19.0	3.8	551.4997093342714
19.0	4.8	625.5996735885345
19.0	5.8	698.4220480591752
19.0	6.8	830.0224977949886
19.0	7.8	928.3218644369445
19.0	8.8	1137.855208404722
19.0	9.8	1430.9260769347677
19.0	10.8	1540.6665129971595
19.0	11.8	1675.4048013671052
19.0	12.8	1768.0667830721213
19.0	13.8	1793.1324607746574
19.0	14.8	1828.5731254454201
19.0	15.8	1687.229008630424
19.0	16.8	1561.1798960853248
19.0	17.8	1486.6098414033745
19.0	18.8	1467.7181034320924
19.0	19.8	1479.2815921700308
19.0	20.8	1373.407417204272
19.0	21.8	1302.1866053646522
19.0	22.8	1287.2329295071097
19.0	23.8	1292.6280889946313
19.0	24.8	1304.188798352696
19.0	25.8	1277.8266665730566
19.0	26.8	1285.4392692711424
19.0	27.8	1226.222784553526
19.0	28.8	1155.1904333602001
19.0	29.8	1114.962072217591
20.0	1.8	388.1580380990911
20.0	2.8	424.9160861591181
20.0	3.8	551.4997093342714
20.0	4.8	625.5996735885345
20.0	5.8	698.4220480591752
20.0	6.8	830.0224977949886
20.0	7.8	928.3218644369445
20.0	8.8	1137.855208404722
20.0	9.8	1430.9260769347677
20.0	10.8	1540.6665129971595
20.0	11.8	1675.4048013671052
20.0	12.8	1768.0667830721213
20.0	13.8	1793.1324607746574
20.0	14.8	1828.5731254454201
20.0	15.8	1687.229008630424
20.0	16.8	1561.1798960853248
20.0	17.8	1486.6098414033745
20.0	18.8	1467.7181034320924
20.0	19.8	1479.2815921700308
20.0	20.8	1373.407417204272
20.0	21.8	1302.1866053646522
20.0	22.8	1287.2329295071097
20.0	23.8	1292.6280889946313
20.0	24.8	1304.188798352696
20.0	25.8	1277.8266665730566
20.0	26.8	1285.4392692711424
20.0	27.8	1226.222784553526
20.0	28.8	1155.1904333602001
20.0	29.8	1114.962072217591
21.0	1.8	388.1580380990911
21.0	2.8	424.9160861591181
21.0	3.8	551.4997093342714
21.0	4.8	625.5996735885345
21.0	5.8	698.4220480591752
21.0	6.8	830.0224977949886
21.0	7.8	928.3218644369445
21.0	8.8	1137.855208404722
21.0	9.8	1430.9260769347677
21.0	10.8	1540.6665129971595
21.0	11.8	1675.4048013671052
21.0	12.8	1768.0667830721213
21.0	13.8	1793.1324607746574
21.0	14.8	1828.5731254454201
21.0	15.8	1687.229008630424
21.0	16.8	1561.1798960853248
21.0	17.8	1486.6098414033745
21.0	18.8	1467.7181034320924
21.0	19.8	1479.2815921700308
21.0	20.8	1373.407417204272
21.0	21.8	1302.1866053646522
21.0	22.8	1287.2329295071097
21.0	23.8	1292.6280889946313
21.0	24.8	1304.188798352696
21.0	25.8	1277.8266665730566
21.0	26.8	1285.4392692711424
21.0	27.8	1226.222784553526
21.0	28.8	1155.1904333602001
21.0	29.8	1114.962072217591
22.0	1.8	388.1580380990911
22.0	2.8	424.9160861591181
22.0	3.8	551.4997093342714
22.0	4.8	625.5996735885345
22.0	5.8	698.4220480591752
22.0	6.8	830.0224977949886
22.0	7.8	928.3218644369445
22.0	8.8	1137.855208404722
22.0	9.8	1430.9260769347677
22.0	10.8	1540.6665129971595
22.0	11.8	1675.4048013671052
22.0	12.8	1768.0667830721213
22.0	13.8	1793.1324607746574
22.0	14.8	1828.5731254454201
22.0	15.8	1687.229008630424
22.0	16.8	1561.1798960853248
22.0	17.8	1486.6098414033745
22.0	18.8	1467.7181034320924
22.0	19.8	1479.2815921700308
22.0	20.8	1373.407417204272
22.0	21.8	1302.1866053646522
22.0	22.8	1287.2329295071097
22.0	23.8	1292.6280889946313
22.0	24.8	1304.188798352696
22.0	25.8	1277.8266665730566
22.0	26.8	1285.4392692711424
22.0	27.8	1226.222784553526
22.0	28.8	1155.1904333602001
22.0	29.8	1114.962072217591
23.0	1.8	388.1580380990911
23.0	2.8	424.9160861591181
23.0	3.8	551.4997093342714
23.0	4.8	625.5996735885345
23.0	5.8	698.4220480591752
23.0	6.8	830.0224977949886
23.0	7.8	928.3218644369445
23.0	8.8	1137.855208404722
23.0	9.8	1430.9260769347677
23.0	10.8	1540.6665129971595
23.0	11.8	1675.4048013671052
23.0	12.8	1768.0667830721213
23.0	13.8	1793.1324607746574
23.0	14.8	1828.5731254454201
23.0	15.8	1687.229008630424
23.0	16.8	1561.1798960853248
23.0	17.8	1486.6098414033745
23.0	18.8	1467.7181034320924
23.0	19.8	1479.2815921700308
23.0	20.8	1373.407417204272
23.0	21.8	1302.1866053646522
23.0	22.8	1287.2329295071097
23.0	23.8	1292.6280889946313
23.0	24.8	1304.188798352696
23.0	25.8	1277.8266665730566
23.0	26.8	1285.4392692711424
23.0	27.8	1226.222784553526
23.0	28.8	1155.1904333602001
23.0	29.8	1114.962072217591
24.0	1.8	388.1580380990911
24.0	2.8	424.9160861591181
24.0	3.8	551.4997093342714
24.0	4.8	625.5996735885345
24.0	5.8	698.4220480591752
24.0	6.8	830.0224977949886
24.0	7.8	928.3218644369445
24.0	8.8	1137.855208404722
24.0	9.8	1430.9260769347677
24.0	10.8	1540.6665129971595
24.0	11.8	1675.4048013671052
24.0	12.8	1768.0667830721213
24.0	13.8	1793.1324607746574
24.0	14.8	1828.5731254454201
24.0	15.8	1687.229008630424
24.0	16.8	1561.1798960853248
24.0	17.8	1486.6098414033745
24.0	18.8	1467.7181034320924
24.0	19.8	1479.2815921700308
24.0	20.8	1373.407417204272
24.0	21.8	1302.1866053646522
24.0	22.8	1287.2329295071097
24.0	23.8	1292.6280889946313
24.0	24.8	1304.188798352696
24.0	25.8	1277.8266665730566
24.0	26.8	1285.4392692711424
24.0	27.8	1226.222784553526
24.0	28.8	1155.1904333602001
24.0	29.8	1114.962072217591
25.0	1.8	388.1580380990911
25.0	2.8	424.9160861591181
25.0	3.8	551.4997093342714
25.0	4.8	625.5996735885345
25.0	5.8	698.4220480591752
25.0	6.8	830.0224977949886
25.0	7.8	928.3218644369445
25.0	8.8	1137.855208404722
25.0	9.8	1430.9260769347677
25.0	10.8	1540.6665129971595
25.0	11.8	1675.4048013671052
25.0	12.8	1768.0667830721213
25.0	13.8	1793.1324607746574
25.0	14.8	1828.5731254454201
25.0	15.8	1687.229008630424
25.0	16.8	1561.1798960853248
25.0	17.8	1486.6098414033745
25.0	18.8	1467.7181034320924
25.0	19.8	1479.2815921700308
25.0	20.8	1373.407417204272
25.0	21.8	1302.1866053646522
25.0	22.8	1287.2329295071097
25.0	23.8	1292.6280889946313
25.0	24.8	1304.188798352696
25.0	25.8	1277.8266665730566
25.0	26.8	1285.4392692711424
25.0	27.8	1226.222784553526
25.0	28.8	1155.1904333602001
25.0	29.8	1114.962072217591
26.0	1.8	388.1580380990911
26.0	2.8	424.9160861591181
26.0	3.8	551.4997093342714
26.0	4.8	625.5996735885345
26.0	5.8	698.4220480591752
26.0	6.8	830.0224977949886
26.0	7.8	928.3218644369445
26.0	8.8	1137.855208404722
26.0	9.8	1430.9260769347677
26.0	10.8	1540.6665129971595
26.0	11.8	1675.4048013671052
26.0	12.8	1768.0667830721213
26.0	13.8	1793.1324607746574
26.0	14.8	1828.5731254454201
26.0	15.8	1687.229008630424
26.0	16.8	1561.1798960853248
26.0	17.8	1486.6098414033745
26.0	18.8	1467.7181034320924
26.0	19.8	1479.2815921700308
26.0	20.8	1373.407417204272
26.0	21.8	1302.1866053646522
26.0	22.8	1287.2329295071097
26.0	23.8	1292.6280889946313
26.0	24.8	1304.188798352696
26.0	25.8	1277.8266665730566
26.0	26.8	1285.4392692711424
26.0	27.8	1226.222784553526
26.0	28.8	1155.1904333602001
26.0	29.8	1114.962072217591
27.0	1.8	388.1580380990911
27.0	2.8	424.9160861591181
27.0	3.8	551.4997093342714
27.0	4.8	625.5996735885345
27.0	5.8	698.4220480591752
27.0	6.8	830.0224977949886
27.0	7.8	928.3218644369445
27.0	8.8	1137.855208404722
27.0	9.8	1430.9260769347677
27.0	10.8	1540.6665129971595
27.0	11.8	1675.4048013671052
27.0	12.8	1768.0667830721213
27.0	13.8	1793.1324607746574
27.0	14.8	1828.5731254454201
27.0	15.8	1687.229008630424
27.0	16.8	1561.1798960853248
27.0	17.8	1486.6098414033745
27.0	18.8	1467.7181034320924
27.0	19.8	1479.2815921700308
27.0	20.8	1373.407417204272
27.0	21.8	1302.1866053646522
27.0	22.8	1287.2329295071097
27.0	23.8	1292.6280889946313
27.0	24.8	1304.188798352696
27.0	25.8	1277.8266665730566
27.0	26.8	1285.4392692711424
27.0	27.8	1226.222784553526
27.0	28.8	1155.1904333602001
27.0	29.8	1114.962072217591
28.0	1.8	388.1580380990911
28.0	2.8	424.9160861591181
28.0	3.8	551.4997093342714
28.0	4.8	625.5996735885345
28.0	5.8	698.4220480591752
28.0	6.8	830.0224977949886
28.0	7.8	928.3218644369445
28.0	8.8	1137.855208404722
28.0	9.8	1430.9260769347677
28.0	10.8	1540.6665129971595
28.0	11.8	1675.4048013671052
28.0	12.8	1768.0667830721213
28.0	13.8	1793.1324607746574
28.0	14.8	1828.5731254454201
28.0	15.8	1687.229008630424
28.0	16.8	1561.1798960853248
28.0	17.8	1486.6098414033745
28.0	18.8	1467.7181034320924
28.0	19.8	1479.2815921700308
28.0	20.8	1373.407417204272
28.0	21.8	1302.1866053646522
28.0	22.8	1287.2329295071097
28.0	23.8	1292.6280889946313
28.0	24.8	1304.188798352696
28.0	25.8	1277.8266665730566
28.0	26.8	1285.4392692711424
28.0	27.8	1226.222784553526
28.0	28.8	1155.1904333602001
28.0	29.8	1114.962072217591
29.0	1.8	388.1580380990911
29.0	2.8	424.9160861591181
29.0	3.8	551.4997093342714
29.0	4.8	625.5996735885345
29.0	5.8	698.4220480591752
29.0	6.8	830.0224977949886
29.0	7.8	928.3218644369445
29.0	8.8	1137.855208404722
29.0	9.8	1430.9260769347677
29.0	10.8	1540.6665129971595
29.0	11.8	1675.4048013671052
29.0	12.8	1768.0667830721213
29.0	13.8	1793.1324607746574
29.0	14.8	1828.5731254454201
29.0	15.8	1687.229008630424
29.0	16.8	1561.1798960853248
29.0	17.8	1486.6098414033745
29.0	18.8	1467.7181034320924
29.0	19.8	1479.2815921700308
29.0	20.8	1373.407417204272
29.0	21.8	1302.1866053646522
29.0	22.8	1287.2329295071097
29.0	23.8	1292.6280889946313
29.0	24.8	1304.188798352696
29.0	25.8	1277.8266665730566
29.0	26.8	1285.4392692711424
29.0	27.8	1226.222784553526
29.0	28.8	1155.1904333602001
29.0	29.8	1114.962072217591
30.0	1.8	388.1580380990911
30.0	2.8	424.9160861591181
30.0	3.8	551.4997093342714
30.0	4.8	625.5996735885345
30.0	5.8	698.4220480591752
30.0	6.8	830.0224977949886
30.0	7.8	928.3218644369445
30.0	8.8	1137.855208404722
30.0	9.8	1430.9260769347677
30.0	10.8	1540.6665129971595
30.0	11.8	1675.4048013671052
30.0	12.8	1768.0667830721213
30.0	13.8	1793.1324607746574
30.0	14.8	1828.5731254454201
30.0	15.8	1687.229008630424
30.0	16.8	1561.1798960853248
30.0	17.8	1486.6098414033745
30.0	18.8	1467.7181034320924
30.0	19.8	1479.2815921700308
30.0	20.8	1373.407417204272
30.0	21.8	1302.1866053646522
30.0	22.8	1287.2329295071097
30.0	23.8	1292.6280889946313
30.0	24.8	1304.188798352696
30.0	25.8	1277.8266665730566
30.0	26.8	1285.4392692711424
30.0	27.8	1226.222784553526
30.0	28.8	1155.1904333602001
30.0	29.8	1114.962072217591
31.0	1.8	388.1580380990911
31.0	2.8	424.9160861591181
31.0	3.8	551.4997093342714
31.0	4.8	625.5996735885345
31.0	5.8	698.4220480591752
31.0	6.8	830.0224977949886
31.0	7.8	928.3218644369445
31.0	8.8	1137.855208404722
31.0	9.8	1430.9260769347677
31.0	10.8	1540.6665129971595
31.0	11.8	1675.4048013671052
31.0	12.8	1768.0667830721213
31.0	13.8	1793.1324607746574
31.0	14.8	1828.5731254454201
31.0	15.8	1687.229008630424
31.0	16.8	1561.1798960853248
31.0	17.8	1486.6098414033745
31.0	18.8	1467.7181034320924
31.0	19.8	1479.2815921700308
31.0	20.8	1373.407417204272
31.0	21.8	1302.1866053646522
31.0	22.8	1287.2329295071097
31.0	23.8	1292.6280889946313
31.0	24.8	1304.188798352696
31.0	25.8	1277.8266665730566
31.0	26.8	1285.4392692711424
31.0	27.8	1226.222784553526
31.0	28.8	1155.1904333602001
31.0	29.8	1114.962072217591
32.0	1.8	388.1580380990911
32.0	2.8	424.9160861591181
32.0	3.8	551.4997093342714
32.0	4.8	625.5996735885345
32.0	5.8	698.4220480591752
32.0	6.8	830.0224977949886
32.0	7.8	928.3218644369445
32.0	8.8	1137.855208404722
32.0	9.8	1430.9260769347677
32.0	10.8	1540.6665129971595
32.0	11.8	1675.4048013671052
32.0	12.8	1768.0667830721213
32.0	13.8	1793.1324607746574
32.0	14.8	1828.5731254454201
32.0	15.8	1687.229008630424
32.0	16.8	1561.1798960853248
32.0	17.8	1486.6098414033745
32.0	18.8	1467.7181034320924
32.0	19.8	1479.2815921700308
32.0	20.8	1373.407417204272
32.0	21.8	1302.1866053646522
32.0	22.8	1287.2329295071097
32.0	23.8	1292.6280889946313
32.0	24.8	1304.188798352696
32.0	25.8	1277.8266665730566
32.0	26.8	1285.4392692711424
32.0	27.8	1226.222784553526
32.0	28.8	1155.1904333602001
32.0	29.8	1114.962072217591
33.0	1.8	388.1580380990911
33.0	2.8	424.9160861591181
33.0	3.8	551.4997093342714
33.0	4.8	625.5996735885345
33.0	5.8	698.4220480591752
33.0	6.8	830.0224977949886
33.0	7.8	928.3218644369445
33.0	8.8	1137.855208404722
33.0	9.8	1430.9260769347677
33.0	10.8	1540.6665129971595
33.0	11.8	1675.4048013671052
33.0	12.8	1768.0667830721213
33.0	13.8	1793.1324607746574
33.0	14.8	1828.5731254454201
33.0	15.8	1687.229008630424
33.0	16.8	1561.1798960853248
33.0	17.8	1486.6098414033745
33.0	18.8	1467.7181034320924
33.0	19.8	1479.2815921700308
33.0	20.8	1373.407417204272
33.0	21.8	1302.1866053646522
33.0	22.8	1287.2329295071097
33.0	23.8	1292.6280889946313
33.0	24.8	1304.188798352696
33.0	25.8	1277.8266665730566
33.0	26.8	1285.4392692711424
33.0	27.8	1226.222784553526
33.0	28.8	1155.1904333602001
33.0	29.8	1114.962072217591
34.0	1.8	388.1580380990911
34.0	2.8	424.9160861591181
34.0	3.8	551.4997093342714
34.0	4.8	625.5996735885345
34.0	5.8	698.4220480591752
34.0	6.8	830.0224977949886
34.0	7.8	928.3218644369445
34.0	8.8	1137.855208404722
34.0	9.8	1430.9260769347677
34.0	10.8	1540.6665129971595
34.0	11.8	1675.4048013671052
34.0	12.8	1768.0667830721213
34.0	13.8	1793.1324607746574
34.0	14.8	1828.5731254454201
34.0	15.8	1687.229008630424
34.0	16.8	1561.1798960853248
34.0	17.8	1486.6098414033745
34.0	18.8	1467.7181034320924
34.0	19.8	1479.2815921700308
34.0	20.8	1373.407417204272
34.0	21.8	1302.1866053646522
34.0	22.8	1287.2329295071097
34.0	23.8	1292.6280889946313
34.0	24.8	1304.188798352696
34.0	25.8	1277.8266665730566
34.0	26.8	1285.4392692711424
34.0	27.8	1226.222784553526
34.0	28.8	1155.1904333602001
34.0	29.8	1114.962072217591
35.0	1.8	388.1580380990911
35.0	2.8	424.9160861591181
35.0	3.8	551.4997093342714
35.0	4.8	625.5996735885345
35.0	5.8	698.4220480591752
35.0	6.8	830.0224977949886
35.0	7.8	928.3218644369445
35.0	8.8	1137.855208404722
35.0	9.8	1430.9260769347677
35.0	10.8	1540.6665129971595
35.0	11.8	1675.4048013671052
35.0	12.8	1768.0667830721213
35.0	13.8	1793.1324607746574
35.0	14.8	1828.5731254454201
35.0	15.8	1687.229008630424
35.0	16.8	1561.1798960853248
35.0	17.8	1486.6098414033745
35.0	18.8	1467.7181034320924
35.0	19.8	1479.2815921700308
35.0	20.8	1373.407417204272
35.0	21.8	1302.1866053646522
35.0	22.8	1287.2329295071097
35.0	23.8	1292.6280889946313
35.0	24.8	1304.188798352696
35.0	25.8	1277.8266665730566
35.0	26.8	1285.4392692711424
35.0	27.8	1226.222784553526
35.0	28.8	1155.1904333602001
35.0	29.8	1114.962072217591
36.0	1.8	388.1580380990911
36.0	2.8	424.9160861591181
36.0	3.8	551.4997093342714
36.0	4.8	625.5996735885345
36.0	5.8	698.4220480591752
36.0	6.8	830.0224977949886
36.0	7.8	928.3218644369445
36.0	8.8	1137.855208404722
36.0	9.8	1430.9260769347677
36.0	10.8	1540.6665129971595
36.0	11.8	1675.4048013671052
36.0	12.8	1768.0667830721213
36.0	13.8	1793.1324607746574
36.0	14.8	1828.5731254454201
36.0	15.8	1687.229008630424
36.0	16.8	1561.1798960853248
36.0	17.8	1486.6098414033745
36.0	18.8	1467.7181034320924
36.0	19.8	1479.2815921700308
36.0	20.8	1373.407417204272
36.0	21.8	1302.1866053646522
36.0	22.8	1287.2329295071097
36.0	23.8	1292.6280889946313
36.0	24.8	1304.188798352696
36.0	25.8	1277.8266665730566
36.0	26.8	1285.4392692711424
36.0	27.8	1226.222784553526
36.0	28.8	1155.1904333602001
36.0	29.8	1114.962072217591
37.0	1.8	388.1580380990911
37.0	2.8	424.9160861591181
37.0	3.8	551.4997093342714
37.0	4.8	625.5996735885345
37.0	5.8	698.4220480591752
37.0	6.8	830.0224977949886
37.0	7.8	928.3218644369445
37.0	8.8	1137.855208404722
37.0	9.8	1430.9260769347677
37.0	10.8	1540.6665129971595
37.0	11.8	1675.4048013671052
37.0	12.8	1768.0667830721213
37.0	13.8	1793.1324607746574
37.0	14.8	1828.5731254454201
37.0	15.8	1687.229008630424
37.0	16.8	1561.1798960853248
37.0	17.8	1486.6098414033745
37.0	18.8	1467.7181034320924
37.0	19.8	1479.2815921700308
37.0	20.8	1373.407417204272
37.0	21.8	1302.1866053646522
37.0	22.8	1287.2329295071097
37.0	23.8	1292.6280889946313
37.0	24.8	1304.188798352696
37.0	25.8	1277.8266665730566
37.0	26.8	1285.4392692711424
37.0	27.8	1226.222784553526
37.0	28.8	1155.1904333602001
37.0	29.8	1114.962072217591
38.0	1.8	388.1580380990911
38.0	2.8	424.9160861591181
38.0	3.8	551.4997093342714
38.0	4.8	625.5996735885345
38.0	5.8	698.4220480591752
38.0	6.8	830.0224977949886
38.0	7.8	928.3218644369445
38.0	8.8	1137.855208404722
38.0	9.8	1430.9260769347677
38.0	10.8	1540.6665129971595
38.0	11.8	1675.4048013671052
38.0	12.8	1768.0667830721213
38.0	13.8	1793.1324607746574
38.0	14.8	1828.5731254454201
38.0	15.8	1687.229008630424
38.0	16.8	1561.1798960853248
38.0	17.8	1486.6098414033745
38.0	18.8	1467.7181034320924
38.0	19.8	1479.2815921700308
38.0	20.8	1373.407417204272
38.0	21.8	1302.1866053646522
38.0	22.8	1287.2329295071097
38.0	23.8	1292.6280889946313
38.0	24.8	1304.188798352696
38.0	25.8	1277.8266665730566
38.0	26.8	1285.4392692711424
38.0	27.8	1226.222784553526
38.0	28.8	1155.1904333602001
38.0	29.8	1114.962072217591
39.0	1.8	388.1580380990911
39.0	2.8	424.9160861591181
39.0	3.8	551.4997093342714
39.0	4.8	625.5996735885345
39.0	5.8	698.4220480591752
39.0	6.8	830.0224977949886
39.0	7.8	928.3218644369445
39.0	8.8	1137.855208404722
39.0	9.8	1430.9260769347677
39.0	10.8	1540.6665129971595
39.0	11.8	1675.4048013671052
39.0	12.8	1768.0667830721213
39.0	13.8	1793.1324607746574
39.0	14.8	1828.5731254454201
39.0	15.8	1687.229008630424
39.0	16.8	1561.1798960853248
39.0	17.8	1486.6098414033745
39.0	18.8	1467.7181034320924
39.0	19.8	1479.2815921700308
39.0	20.8	1373.407417204272
39.0	21.8	1302.1866053646522
39.0	22.8	1287.2329295071097
39.0	23.8	1292.6280889946313
39.0	24.8	1304.188798352696
39.0	25.8	1277.8266665730566
39.0	26.8	1285.4392692711424
39.0	27.8	1226.222784553526
39.0	28.8	1155.1904333602001
39.0	29.8	1114.962072217591
40.0	1.8	388.1580380990911
40.0	2.8	424.9160861591181
40.0	3.8	551.4997093342714
40.0	4.8	625.5996735885345
40.0	5.8	698.4220480591752
40.0	6.8	830.0224977949886
40.0	7.8	928.3218644369445
40.0	8.8	1137.855208404722
40.0	9.8	1430.9260769347677
40.0	10.8	1540.6665129971595
40.0	11.8	1675.4048013671052
40.0	12.8	1768.0667830721213
40.0	13.8	1793.1324607746574
40.0	14.8	1828.5731254454201
40.0	15.8	1687.229008630424
40.0	16.8	1561.1798960853248
40.0	17.8	1486.6098414033745
40.0	18.8	1467.7181034320924
40.0	19.8	1479.2815921700308
40.0	20.8	1373.407417204272
40.0	21.8	1302.1866053646522
40.0	22.8	1287.2329295071097
40.0	23.8	1292.6280889946313
40.0	24.8	1304.188798352696
40.0	25.8	1277.8266665730566
40.0	26.8	1285.4392692711424
40.0	27.8	1226.222784553526
40.0	28.8	1155.1904333602001
40.0	29.8	1114.962072217591
41.0	1.8	388.1580380990911
41.0	2.8	424.9160861591181
41.0	3.8	551.4997093342714
41.0	4.8	625.5996735885345
41.0	5.8	698.4220480591752
41.0	6.8	830.0224977949886
41.0	7.8	928.3218644369445
41.0	8.8	1137.855208404722
41.0	9.8	1430.9260769347677
41.0	10.8	1540.6665129971595
41.0	11.8	1675.4048013671052
41.0	12.8	1768.0667830721213
41.0	13.8	1793.1324607746574
41.0	14.8	1828.5731254454201
41.0	15.8	1687.229008630424
41.0	16.8	1561.1798960853248
41.0	17.8	1486.6098414033745
41.0	18.8	1467.7181034320924
41.0	19.8	1479.2815921700308
41.0	20.8	1373.407417204272
41.0	21.8	1302.1866053646522
41.0	22.8	1287.2329295071097
41.0	23.8	1292.6280889946313
41.0	24.8	1304.188798352696
41.0	25.8	1277.8266665730566
41.0	26.8	1285.4392692711424
41.0	27.8	1226.222784553526
41.0	28.8	1155.1904333602001
41.0	29.8	1114.962072217591
42.0	1.8	388.1580380990911
42.0	2.8	424.9160861591181
42.0	3.8	551.4997093342714
42.0	4.8	625.5996735885345
42.0	5.8	698.4220480591752
42.0	6.8	830.0224977949886
42.0	7.8	928.3218644369445
42.0	8.8	1137.855208404722
42.0	9.8	1430.9260769347677
42.0	10.8	1540.6665129971595
42.0	11.8	1675.4048013671052
42.0	12.8	1768.0667830721213
42.0	13.8	1793.1324607746574
42.0	14.8	1828.5731254454201
42.0	15.8	1687.229008630424
42.0	16.8	1561.1798960853248
42.0	17.8	1486.6098414033745
42.0	18.8	1467.7181034320924
42.0	19.8	1479.2815921700308
42.0	20.8	1373.407417204272
42.0	21.8	1302.1866053646522
42.0	22.8	1287.2329295071097
42.0	23.8	1292.6280889946313
42.0	24.8	1304.188798352696
42.0	25.8	1277.8266665730566
42.0	26.8	1285.4392692711424
42.0	27.8	1226.222784553526
42.0	28.8	1155.1904333602001
42.0	29.8	1114.962072217591
43.0	1.8	388.1580380990911
43.0	2.8	424.9160861591181
43.0	3.8	551.4997093342714
43.0	4.8	625.5996735885345
43.0	5.8	698.4220480591752
43.0	6.8	830.0224977949886
43.0	7.8	928.3218644369445
43.0	8.8	1137.855208404722
43.0	9.8	1430.9260769347677
43.0	10.8	1540.6665129971595
43.0	11.8	1675.4048013671052
43.0	12.8	1768.0667830721213
43.0	13.8	1793.1324607746574
43.0	14.8	1828.5731254454201
43.0	15.8	1687.229008630424
43.0	16.8	1561.1798960853248
43.0	17.8	1486.6098414033745
43.0	18.8	1467.7181034320924
43.0	19.8	1479.2815921700308
43.0	20.8	1373.407417204272
43.0	21.8	1302.1866053646522
43.0	22.8	1287.2329295071097
43.0	23.8	1292.6280889946313
43.0	24.8	1304.188798352696
43.0	25.8	1277.8266665730566
43.0	26.8	1285.4392692711424
43.0	27.8	1226.222784553526
43.0	28.8	1155.1904333602001
43.0	29.8	1114.962072217591
44.0	1.8	388.1580380990911
44.0	2.8	424.9160861591181
44.0	3.8	551.4997093342714
44.0	4.8	625.5996735885345
44.0	5.8	698.4220480591752
44.0	6.8	830.0224977949886
44.0	7.8	928.3218644369445
44.0	8.8	1137.855208404722
44.0	9.8	1430.9260769347677
44.0	10.8	1540.6665129971595
44.0	11.8	1675.4048013671052
44.0	12.8	1768.0667830721213
44.0	13.8	1793.1324607746574
44.0	14.8	1828.5731254454201
44.0	15.8	1687.229008630424
44.0	16.8	1561.1798960853248
44.0	17.8	1486.6098414033745
44.0	18.8	1467.7181034320924
44.0	19.8	1479.2815921700308
44.0	20.8	1373.407417204272
44.0	21.8	1302.1866053646522
44.0	22.8	1287.2329295071097
44.0	23.8	1292.6280889946313
44.0	24.8	1304.188798352696
44.0	25.8	1277.8266665730566
44.0	26.8	1285.4392692711424
44.0	27.8	1226.222784553526
44.0	28.8	1155.1904333602001
44.0	29.8	1114.962072217591
45.0	1.8	388.1580380990911
45.0	2.8	424.9160861591181
45.0	3.8	551.4997093342714
45.0	4.8	625.5996735885345
45.0	5.8	698.4220480591752
45.0	6.8	830.0224977949886
45.0	7.8	928.3218644369445
45.0	8.8	1137.855208404722
45.0	9.8	1430.9260769347677
45.0	10.8	1540.6665129971595
45.0	11.8	1675.4048013671052
45.0	12.8	1768.0667830721213
45.0	13.8	1793.1324607746574
45.0	14.8	1828.5731254454201
45.0	15.8	1687.229008630424
45.0	16.8	1561.1798960853248
45.0	17.8	1486.6098414033745
45.0	18.8	1467.7181034320924
45.0	19.8	1479.2815921700308
45.0	20.8	1373.407417204272
45.0	21.8	1302.1866053646522
45.0	22.8	1287.2329295071097
45.0	23.8	1292.6280889946313
45.0	24.8	1304.188798352696
45.0	25.8	1277.8266665730566
45.0	26.8	1285.4392692711424
45.0	27.8	1226.222784553526
45.0	28.8	1155.1904333602001
45.0	29.8	1114.962072217591
46.0	1.8	388.1580380990911
46.0	2.8	424.9160861591181
46.0	3.8	551.4997093342714
46.0	4.8	625.5996735885345
46.0	5.8	698.4220480591752
46.0	6.8	830.0224977949886
46.0	7.8	928.3218644369445
46.0	8.8	1137.855208404722
46.0	9.8	1430.9260769347677
46.0	10.8	1540.6665129971595
46.0	11.8	1675.4048013671052
46.0	12.8	1768.0667830721213
46.0	13.8	1793.1324607746574
46.0	14.8	1828.5731254454201
46.0	15.8	1687.229008630424
46.0	16.8	1561.1798960853248
46.0	17.8	1486.6098414033745
46.0	18.8	1467.7181034320924
46.0	19.8	1479.2815921700308
46.0	20.8	1373.407417204272
46.0	21.8	1302.1866053646522
46.0	22.8	1287.2329295071097
46.0	23.8	1292.6280889946313
46.0	24.8	1304.188798352696
46.0	25.8	1277.8266665730566
46.0	26.8	1285.4392692711424
46.0	27.8	1226.222784553526
46.0	28.8	1155.1904333602001
46.0	29.8	1114.962072217591
47.0	1.8	388.1580380990911
47.0	2.8	424.9160861591181
47.0	3.8	551.4997093342714
47.0	4.8	625.5996735885345
47.0	5.8	698.4220480591752
47.0	6.8	830.0224977949886
47.0	7.8	928.3218644369445
47.0	8.8	1137.855208404722
47.0	9.8	1430.9260769347677
47.0	10.8	1540.6665129971595
47.0	11.8	1675.4048013671052
47.0	12.8	1768.0667830721213
47.0	13.8	1793.1324607746574
47.0	14.8	1828.5731254454201
47.0	15.8	1687.229008630424
47.0	16.8	1561.1798960853248
47.0	17.8	1486.6098414033745
47.0	18.8	1467.7181034320924
47.0	19.8	1479.2815921700308
47.0	20.8	1373.407417204272
47.0	21.8	1302.1866053646522
47.0	22.8	1287.2329295071097
47.0	23.8	1292.6280889946313
47.0	24.8	1304.188798352696
47.0	25.8	1277.8266665730566
47.0	26.8	1285.4392692711424
47.0	27.8	1226.222784553526
47.0	28.8	1155.1904333602001
47.0	29.8	1114.962072217591
48.0	1.8	388.1580380990911
48.0	2.8	424.9160861591181
48.0	3.8	551.4997093342714
48.0	4.8	625.5996735885345
48.0	5.8	698.4220480591752
48.0	6.8	830.0224977949886
48.0	7.8	928.3218644369445
48.0	8.8	1137.855208404722
48.0	9.8	1430.9260769347677
48.0	10.8	1540.6665129971595
48.0	11.8	1675.4048013671052
48.0	12.8	1768.0667830721213
48.0	13.8	1793.1324607746574
48.0	14.8	1828.5731254454201
48.0	15.8	1687.229008630424
48.0	16.8	1561.1798960853248
48.0	17.8	1486.6098414033745
48.0	18.8	1467.7181034320924
48.0	19.8	1479.2815921700308
48.0	20.8	1373.407417204272
48.0	21.8	1302.1866053646522
48.0	22.8	1287.2329295071097
48.0	23.8	1292.6280889946313
48.0	24.8	1304.188798352696
48.0	25.8	1277.8266665730566
48.0	26.8	1285.4392692711424
48.0	27.8	1226.222784553526
48.0	28.8	1155.1904333602001
48.0	29.8	1114.962072217591
49.0	1.8	388.1580380990911
49.0	2.8	424.9160861591181
49.0	3.8	551.4997093342714
49.0	4.8	625.5996735885345
49.0	5.8	698.4220480591752
49.0	6.8	830.0224977949886
49.0	7.8	928.3218644369445
49.0	8.8	1137.855208404722
49.0	9.8	1430.9260769347677
49.0	10.8	1540.6665129971595
49.0	11.8	1675.4048013671052
49.0	12.8	1768.0667830721213
49.0	13.8	1793.1324607746574
49.0	14.8	1828.5731254454201
49.0	15.8	1687.229008630424
49.0	16.8	1561.1798960853248
49.0	17.8	1486.6098414033745
49.0	18.8	1467.7181034320924
49.0	19.8	1479.2815921700308
49.0	20.8	1373.407417204272
49.0	21.8	1302.1866053646522
49.0	22.8	1287.2329295071097
49.0	23.8	1292.6280889946313
49.0	24.8	1304.188798352696
49.0	25.8	1277.8266665730566
49.0	26.8	1285.4392692711424
49.0	27.8	1226.222784553526
49.0	28.8	1155.1904333602001
49.0	29.8	1114.962072217591
50.0	1.8	388.1580380990911
50.0	2.8	424.9160861591181
50.0	3.8	551.4997093342714
50.0	4.8	625.5996735885345
50.0	5.8	698.4220480591752
50.0	6.8	830.0224977949886
50.0	7.8	928.3218644369445
50.0	8.8	1137.855208404722
50.0	9.8	1430.9260769347677
50.0	10.8	1540.6665129971595
50.0	11.8	1675.4048013671052
50.0	12.8	1768.0667830721213
50.0	13.8	1793.1324607746574
50.0	14.8	1828.5731254454201
50.0	15.8	1687.229008630424
50.0	16.8	1561.1798960853248
50.0	17.8	1486.6098414033745
50.0	18.8	1467.7181034320924
50.0	19.8	1479.2815921700308
50.0	20.8	1373.407417204272
50.0	21.8	1302.1866053646522
50.0	22.8	1287.2329295071097
50.0	23.8	1292.6280889946313
50.0	24.8	1304.188798352696
50.0	25.8	1277.8266665730566
50.0	26.8	1285.4392692711424
50.0	27.8	1226.222784553526
50.0	28.8	1155.1904333602001
50.0	29.8	1114.962072217591
51.0	1.8	388.1580380990911
51.0	2.8	424.9160861591181
51.0	3.8	551.4997093342714
51.0	4.8	625.5996735885345
51.0	5.8	698.4220480591752
51.0	6.8	830.0224977949886
51.0	7.8	928.3218644369445
51.0	8.8	1137.855208404722
51.0	9.8	1430.9260769347677
51.0	10.8	1540.6665129971595
51.0	11.8	1675.4048013671052
51.0	12.8	1768.0667830721213
51.0	13.8	1793.1324607746574
51.0	14.8	1828.5731254454201
51.0	15.8	1687.229008630424
51.0	16.8	1561.1798960853248
51.0	17.8	1486.6098414033745
51.0	18.8	1467.7181034320924
51.0	19.8	1479.2815921700308
51.0	20.8	1373.407417204272
51.0	21.8	1302.1866053646522
51.0	22.8	1287.2329295071097
51.0	23.8	1292.6280889946313
51.0	24.8	1304.188798352696
51.0	25.8	1277.8266665730566
51.0	26.8	1285.4392692711424
51.0	27.8	1226.222784553526
51.0	28.8	1155.1904333602001
51.0	29.8	1114.962072217591
52.0	1.8	388.1580380990911
52.0	2.8	424.9160861591181
52.0	3.8	551.4997093342714
52.0	4.8	625.5996735885345
52.0	5.8	698.4220480591752
52.0	6.8	830.0224977949886
52.0	7.8	928.3218644369445
52.0	8.8	1137.855208404722
52.0	9.8	1430.9260769347677
52.0	10.8	1540.6665129971595
52.0	11.8	1675.4048013671052
52.0	12.8	1768.0667830721213
52.0	13.8	1793.1324607746574
52.0	14.8	1828.5731254454201
52.0	15.8	1687.229008630424
52.0	16.8	1561.1798960853248
52.0	17.8	1486.6098414033745
52.0	18.8	1467.7181034320924
52.0	19.8	1479.2815921700308
52.0	20.8	1373.407417204272
52.0	21.8	1302.1866053646522
52.0	22.8	1287.2329295071097
52.0	23.8	1292.6280889946313
52.0	24.8	1304.188798352696
52.0	25.8	1277.8266665730566
52.0	26.8	1285.4392692711424
52.0	27.8	1226.222784553526
52.0	28.8	1155.1904333602001
52.0	29.8	1114.962072217591
53.0	1.8	388.1580380990911
53.0	2.8	424.9160861591181
53.0	3.8	551.4997093342714
53.0	4.8	625.5996735885345
53.0	5.8	698.4220480591752
53.0	6.8	830.0224977949886
53.0	7.8	928.3218644369445
53.0	8.8	1137.855208404722
53.0	9.8	1430.9260769347677
53.0	10.8	1540.6665129971595
53.0	11.8	1675.4048013671052
53.0	12.8	1768.0667830721213
53.0	13.8	1793.1324607746574
53.0	14.8	1828.5731254454201
53.0	15.8	1687.229008630424
53.0	16.8	1561.1798960853248
53.0	17.8	1486.6098414033745
53.0	18.8	1467.7181034320924
53.0	19.8	1479.2815921700308
53.0	20.8	1373.407417204272
53.0	21.8	1302.1866053646522
53.0	22.8	1287.2329295071097
53.0	23.8	1292.6280889946313
53.0	24.8	1304.188798352696
53.0	25.8	1277.8266665730566
53.0	26.8	1285.4392692711424
53.0	27.8	1226.222784553526
53.0	28.8	1155.1904333602001
53.0	29.8	1114.962072217591
54.0	1.8	388.1580380990911
54.0	2.8	424.9160861591181
54.0	3.8	551.4997093342714
54.0	4.8	625.5996735885345
54.0	5.8	698.4220480591752
54.0	6.8	830.0224977949886
54.0	7.8	928.3218644369445
54.0	8.8	1137.855208404722
54.0	9.8	1430.9260769347677
54.0	10.8	1540.6665129971595
54.0	11.8	1675.4048013671052
54.0	12.8	1768.0667830721213
54.0	13.8	1793.1324607746574
54.0	14.8	1828.5731254454201
54.0	15.8	1687.229008630424
54.0	16.8	1561.1798960853248
54.0	17.8	1486.6098414033745
54.0	18.8	1467.7181034320924
54.0	19.8	1479.2815921700308
54.0	20.8	1373.407417204272
54.0	21.8	1302.1866053646522
54.0	22.8	1287.2329295071097
54.0	23.8	1292.6280889946313
54.0	24.8	1304.188798352696
54.0	25.8	1277.8266665730566
54.0	26.8	1285.4392692711424
54.0	27.8	1226.222784553526
54.0	28.8	1155.1904333602001
54.0	29.8	1114.962072217591
55.0	1.8	388.1580380990911
55.0	2.8	424.9160861591181
55.0	3.8	551.4997093342714
55.0	4.8	625.5996735885345
55.0	5.8	698.4220480591752
55.0	6.8	830.0224977949886
55.0	7.8	928.3218644369445
55.0	8.8	1137.855208404722
55.0	9.8	1430.9260769347677
55.0	10.8	1540.6665129971595
55.0	11.8	1675.4048013671052
55.0	12.8	1768.0667830721213
55.0	13.8	1793.1324607746574
55.0	14.8	1828.5731254454201
55.0	15.8	1687.229008630424
55.0	16.8	1561.1798960853248
55.0	17.8	1486.6098414033745
55.0	18.8	1467.7181034320924
55.0	19.8	1479.2815921700308
55.0	20.8	1373.407417204272
55.0	21.8	1302.1866053646522
55.0	22.8	1287.2329295071097
55.0	23.8	1292.6280889946313
55.0	24.8	1304.188798352696
55.0	25.8	1277.8266665730566
55.0	26.8	1285.4392692711424
55.0	27.8	1226.222784553526
55.0	28.8	1155.1904333602001
55.0	29.8	1114.962072217591
56.0	1.8	388.1580380990911
56.0	2.8	424.9160861591181
56.0	3.8	551.4997093342714
56.0	4.8	625.5996735885345
56.0	5.8	698.4220480591752
56.0	6.8	830.0224977949886
56.0	7.8	928.3218644369445
56.0	8.8	1137.855208404722
56.0	9.8	1430.9260769347677
56.0	10.8	1540.6665129971595
56.0	11.8	1675.4048013671052
56.0	12.8	1768.0667830721213
56.0	13.8	1793.1324607746574
56.0	14.8	1828.5731254454201
56.0	15.8	1687.229008630424
56.0	16.8	1561.1798960853248
56.0	17.8	1486.6098414033745
56.0	18.8	1467.7181034320924
56.0	19.8	1479.2815921700308
56.0	20.8	1373.407417204272
56.0	21.8	1302.1866053646522
56.0	22.8	1287.2329295071097
56.0	23.8	1292.6280889946313
56.0	24.8	1304.188798352696
56.0	25.8	1277.8266665730566
56.0	26.8	1285.4392692711424
56.0	27.8	1226.222784553526
56.0	28.8	1155.1904333602001
56.0	29.8	1114.962072217591
57.0	1.8	388.1580380990911
57.0	2.8	424.9160861591181
57.0	3.8	551.4997093342714
57.0	4.8	625.5996735885345
57.0	5.8	698.4220480591752
57.0	6.8	830.0224977949886
57.0	7.8	928.3218644369445
57.0	8.8	1137.855208404722
57.0	9.8	1430.9260769347677
57.0	10.8	1540.6665129971595
57.0	11.8	1675.4048013671052
57.0	12.8	1768.0667830721213
57.0	13.8	1793.1324607746574
57.0	14.8	1828.5731254454201
57.0	15.8	1687.229008630424
57.0	16.8	1561.1798960853248
57.0	17.8	1486.6098414033745
57.0	18.8	1467.7181034320924
57.0	19.8	1479.2815921700308
57.0	20.8	1373.407417204272
57.0	21.8	1302.1866053646522
57.0	22.8	1287.2329295071097
57.0	23.8	1292.6280889946313
57.0	24.8	1304.188798352696
57.0	25.8	1277.8266665730566
57.0	26.8	1285.4392692711424
57.0	27.8	1226.222784553526
57.0	28.8	1155.1904333602001
57.0	29.8	1114.962072217591
58.0	1.8	388.1580380990911
58.0	2.8	424.9160861591181
58.0	3.8	551.4997093342714
58.0	4.8	625.5996735885345
58.0	5.8	698.4220480591752
58.0	6.8	830.0224977949886
58.0	7.8	928.3218644369445
58.0	8.8	1137.855208404722
58.0	9.8	1430.9260769347677
58.0	10.8	1540.6665129971595
58.0	11.8	1675.4048013671052
58.0	12.8	1768.0667830721213
58.0	13.8	1793.1324607746574
58.0	14.8	1828.5731254454201
58.0	15.8	1687.229008630424
58.0	16.8	1561.1798960853248
58.0	17.8	1486.6098414033745
58.0	18.8	1467.7181034320924
58.0	19.8	1479.2815921700308
58.0	20.8	1373.407417204272
58.0	21.8	1302.1866053646522
58.0	22.8	1287.2329295071097
58.0	23.8	1292.6280889946313
58.0	24.8	1304.188798352696
58.0	25.8	1277.8266665730566
58.0	26.8	1285.4392692711424
58.0	27.8	1226.222784553526
58.0	28.8	1155.1904333602001
58.0	29.8	1114.962072217591
59.0	1.8	388.1580380990911
59.0	2.8	424.9160861591181
59.0	3.8	551.4997093342714
59.0	4.8	625.5996735885345
59.0	5.8	698.4220480591752
59.0	6.8	830.0224977949886
59.0	7.8	928.3218644369445
59.0	8.8	1137.855208404722
59.0	9.8	1430.9260769347677
59.0	10.8	1540.6665129971595
59.0	11.8	1675.4048013671052
59.0	12.8	1768.0667830721213
59.0	13.8	1793.1324607746574
59.0	14.8	1828.5731254454201
59.0	15.8	1687.229008630424
59.0	16.8	1561.1798960853248
59.0	17.8	1486.6098414033745
59.0	18.8	1467.7181034320924
59.0	19.8	1479.2815921700308
59.0	20.8	1373.407417204272
59.0	21.8	1302.1866053646522
59.0	22.8	1287.2329295071097
59.0	23.8	1292.6280889946313
59.0	24.8	1304.188798352696
59.0	25.8	1277.8266665730566
59.0	26.8	1285.4392692711424
59.0	27.8	1226.222784553526
59.0	28.8	1155.1904333602001
59.0	29.8	1114.962072217591
60.0	1.8	388.1580380990911
60.0	2.8	424.9160861591181
60.0	3.8	551.4997093342714
60.0	4.8	625.5996735885345
60.0	5.8	698.4220480591752
60.0	6.8	830.0224977949886
60.0	7.8	928.3218644369445
60.0	8.8	1137.855208404722
60.0	9.8	1430.9260769347677
60.0	10.8	1540.6665129971595
60.0	11.8	1675.4048013671052
60.0	12.8	1768.0667830721213
60.0	13.8	1793.1324607746574
60.0	14.8	1828.5731254454201
60.0	15.8	1687.229008630424
60.0	16.8	1561.1798960853248
60.0	17.8	1486.6098414033745
60.0	18.8	1467.7181034320924
60.0	19.8	1479.2815921700308
60.0	20.8	1373.407417204272
60.0	21.8	1302.1866053646522
60.0	22.8	1287.2329295071097
60.0	23.8	1292.6280889946313
60.0	24.8	1304.188798352696
60.0	25.8	1277.8266665730566
60.0	26.8	1285.4392692711424
60.0	27.8	1226.222784553526
60.0	28.8	1155.1904333602001
60.0	29.8	1114.962072217591
61.0	1.8	388.1580380990911
61.0	2.8	424.9160861591181
61.0	3.8	551.4997093342714
61.0	4.8	625.5996735885345
61.0	5.8	698.4220480591752
61.0	6.8	830.0224977949886
61.0	7.8	928.3218644369445
61.0	8.8	1137.855208404722
61.0	9.8	1430.9260769347677
61.0	10.8	1540.6665129971595
61.0	11.8	1675.4048013671052
61.0	12.8	1768.0667830721213
61.0	13.8	1793.1324607746574
61.0	14.8	1828.5731254454201
61.0	15.8	1687.229008630424
61.0	16.8	1561.1798960853248
61.0	17.8	1486.6098414033745
61.0	18.8	1467.7181034320924
61.0	19.8	1479.2815921700308
61.0	20.8	1373.407417204272
61.0	21.8	1302.1866053646522
61.0	22.8	1287.2329295071097
61.0	23.8	1292.6280889946313
61.0	24.8	1304.188798352696
61.0	25.8	1277.8266665730566
61.0	26.8	1285.4392692711424
61.0	27.8	1226.222784553526
61.0	28.8	1155.1904333602001
61.0	29.8	1114.962072217591
62.0	1.8	388.1580380990911
62.0	2.8	424.9160861591181
62.0	3.8	551.4997093342714
62.0	4.8	625.5996735885345
62.0	5.8	698.4220480591752
62.0	6.8	830.0224977949886
62.0	7.8	928.3218644369445
62.0	8.8	1137.855208404722
62.0	9.8	1430.9260769347677
62.0	10.8	1540.6665129971595
62.0	11.8	1675.4048013671052
62.0	12.8	1768.0667830721213
62.0	13.8	1793.1324607746574
62.0	14.8	1828.5731254454201
62.0	15.8	1687.229008630424
62.0	16.8	1561.1798960853248
62.0	17.8	1486.6098414033745
62.0	18.8	1467.7181034320924
62.0	19.8	1479.2815921700308
62.0	20.8	1373.407417204272
62.0	21.8	1302.1866053646522
62.0	22.8	1287.2329295071097
62.0	23.8	1292.6280889946313
62.0	24.8	1304.188798352696
62.0	25.8	1277.8266665730566
62.0	26.8	1285.4392692711424
62.0	27.8	1226.222784553526
62.0	28.8	1155.1904333602001
62.0	29.8	1114.962072217591
63.0	1.8	388.1580380990911
63.0	2.8	424.9160861591181
63.0	3.8	551.4997093342714
63.0	4.8	625.5996735885345
63.0	5.8	698.4220480591752
63.0	6.8	830.0224977949886
63.0	7.8	928.3218644369445
63.0	8.8	1137.855208404722
63.0	9.8	1430.9260769347677
63.0	10.8	1540.6665129971595
63.0	11.8	1675.4048013671052
63.0	12.8	1768.0667830721213
63.0	13.8	1793.1324607746574
63.0	14.8	1828.5731254454201
63.0	15.8	1687.229008630424
63.0	16.8	1561.1798960853248
63.0	17.8	1486.6098414033745
63.0	18.8	1467.7181034320924
63.0	19.8	1479.2815921700308
63.0	20.8	1373.407417204272
63.0	21.8	1302.1866053646522
63.0	22.8	1287.2329295071097
63.0	23.8	1292.6280889946313
63.0	24.8	1304.188798352696
63.0	25.8	1277.8266665730566
63.0	26.8	1285.4392692711424
63.0	27.8	1226.222784553526
63.0	28.8	1155.1904333602001
63.0	29.8	1114.962072217591
64.0	1.8	388.1580380990911
64.0	2.8	424.9160861591181
64.0	3.8	551.4997093342714
64.0	4.8	625.5996735885345
64.0	5.8	698.4220480591752
64.0	6.8	830.0224977949886
64.0	7.8	928.3218644369445
64.0	8.8	1137.855208404722
64.0	9.8	1430.9260769347677
64.0	10.8	1540.6665129971595
64.0	11.8	1675.4048013671052
64.0	12.8	1768.0667830721213
64.0	13.8	1793.1324607746574
64.0	14.8	1828.5731254454201
64.0	15.8	1687.229008630424
64.0	16.8	1561.1798960853248
64.0	17.8	1486.6098414033745
64.0	18.8	1467.7181034320924
64.0	19.8	1479.2815921700308
64.0	20.8	1373.407417204272
64.0	21.8	1302.1866053646522
64.0	22.8	1287.2329295071097
64.0	23.8	1292.6280889946313
64.0	24.8	1304.188798352696
64.0	25.8	1277.8266665730566
64.0	26.8	1285.4392692711424
64.0	27.8	1226.222784553526
64.0	28.8	1155.1904333602001
64.0	29.8	1114.962072217591
65.0	1.8	388.1580380990911
65.0	2.8	424.9160861591181
65.0	3.8	551.4997093342714
65.0	4.8	625.5996735885345
65.0	5.8	698.4220480591752
65.0	6.8	830.0224977949886
65.0	7.8	928.3218644369445
65.0	8.8	1137.855208404722
65.0	9.8	1430.9260769347677
65.0	10.8	1540.6665129971595
65.0	11.8	1675.4048013671052
65.0	12.8	1768.0667830721213
65.0	13.8	1793.1324607746574
65.0	14.8	1828.5731254454201
65.0	15.8	1687.229008630424
65.0	16.8	1561.1798960853248
65.0	17.8	1486.6098414033745
65.0	18.8	1467.7181034320924
65.0	19.8	1479.2815921700308
65.0	20.8	1373.407417204272
65.0	21.8	1302.1866053646522
65.0	22.8	1287.2329295071097
65.0	23.8	1292.6280889946313
65.0	24.8	1304.188798352696
65.0	25.8	1277.8266665730566
65.0	26.8	1285.4392692711424
65.0	27.8	1226.222784553526
65.0	28.8	1155.1904333602001
65.0	29.8	1114.962072217591
66.0	1.8	388.1580380990911
66.0	2.8	424.9160861591181
66.0	3.8	551.4997093342714
66.0	4.8	625.5996735885345
66.0	5.8	698.4220480591752
66.0	6.8	830.0224977949886
66.0	7.8	928.3218644369445
66.0	8.8	1137.855208404722
66.0	9.8	1430.9260769347677
66.0	10.8	1540.6665129971595
66.0	11.8	1675.4048013671052
66.0	12.8	1768.0667830721213
66.0	13.8	1793.1324607746574
66.0	14.8	1828.5731254454201
66.0	15.8	1687.229008630424
66.0	16.8	1561.1798960853248
66.0	17.8	1486.6098414033745
66.0	18.8	1467.7181034320924
66.0	19.8	1479.2815921700308
66.0	20.8	1373.407417204272
66.0	21.8	1302.1866053646522
66.0	22.8	1287.2329295071097
66.0	23.8	1292.6280889946313
66.0	24.8	1304.188798352696
66.0	25.8	1277.8266665730566
66.0	26.8	1285.4392692711424
66.0	27.8	1226.222784553526
66.0	28.8	1155.1904333602001
66.0	29.8	1114.962072217591
67.0	1.8	388.1580380990911
67.0	2.8	424.9160861591181
67.0	3.8	551.4997093342714
67.0	4.8	625.5996735885345
67.0	5.8	698.4220480591752
67.0	6.8	830.0224977949886
67.0	7.8	928.3218644369445
67.0	8.8	1137.855208404722
67.0	9.8	1430.9260769347677
67.0	10.8	1540.6665129971595
67.0	11.8	1675.4048013671052
67.0	12.8	1768.0667830721213
67.0	13.8	1793.1324607746574
67.0	14.8	1828.5731254454201
67.0	15.8	1687.229008630424
67.0	16.8	1561.1798960853248
67.0	17.8	1486.6098414033745
67.0	18.8	1467.7181034320924
67.0	19.8	1479.2815921700308
67.0	20.8	1373.407417204272
67.0	21.8	1302.1866053646522
67.0	22.8	1287.2329295071097
67.0	23.8	1292.6280889946313
67.0	24.8	1304.188798352696
67.0	25.8	1277.8266665730566
67.0	26.8	1285.4392692711424
67.0	27.8	1226.222784553526
67.0	28.8	1155.1904333602001
67.0	29.8	1114.962072217591
68.0	1.8	388.1580380990911
68.0	2.8	424.9160861591181
68.0	3.8	551.4997093342714
68.0	4.8	625.5996735885345
68.0	5.8	698.4220480591752
68.0	6.8	830.0224977949886
68.0	7.8	928.3218644369445
68.0	8.8	1137.855208404722
68.0	9.8	1430.9260769347677
68.0	10.8	1540.6665129971595
68.0	11.8	1675.4048013671052
68.0	12.8	1768.0667830721213
68.0	13.8	1793.1324607746574
68.0	14.8	1828.5731254454201
68.0	15.8	1687.229008630424
68.0	16.8	1561.1798960853248
68.0	17.8	1486.6098414033745
68.0	18.8	1467.7181034320924
68.0	19.8	1479.2815921700308
68.0	20.8	1373.407417204272
68.0	21.8	1302.1866053646522
68.0	22.8	1287.2329295071097
68.0	23.8	1292.6280889946313
68.0	24.8	1304.188798352696
68.0	25.8	1277.8266665730566
68.0	26.8	1285.4392692711424
68.0	27.8	1226.222784553526
68.0	28.8	1155.1904333602001
68.0	29.8	1114.962072217591
69.0	1.8	388.1580380990911
69.0	2.8	424.9160861591181
69.0	3.8	551.4997093342714
69.0	4.8	625.5996735885345
69.0	5.8	698.4220480591752
69.0	6.8	830.0224977949886
69.0	7.8	928.3218644369445
69.0	8.8	1137.855208404722
69.0	9.8	1430.9260769347677
69.0	10.8	1540.6665129971595
69.0	11.8	1675.4048013671052
69.0	12.8	1768.0667830721213
69.0	13.8	1793.1324607746574
69.0	14.8	1828.5731254454201
69.0	15.8	1687.229008630424
69.0	16.8	1561.1798960853248
69.0	17.8	1486.6098414033745
69.0	18.8	1467.7181034320924
69.0	19.8	1479.2815921700308
69.0	20.8	1373.407417204272
69.0	21.8	1302.1866053646522
69.0	22.8	1287.2329295071097
69.0	23.8	1292.6280889946313
69.0	24.8	1304.188798352696
69.0	25.8	1277.8266665730566
69.0	26.8	1285.4392692711424
69.0	27.8	1226.222784553526
69.0	28.8	1155.1904333602001
69.0	29.8	1114.962072217591
70.0	1.8	388.1580380990911
70.0	2.8	424.9160861591181
70.0	3.8	551.4997093342714
70.0	4.8	625.5996735885345
70.0	5.8	698.4220480591752
70.0	6.8	830.0224977949886
70.0	7.8	928.3218644369445
70.0	8.8	1137.855208404722
70.0	9.8	1430.9260769347677
70.0	10.8	1540.6665129971595
70.0	11.8	1675.4048013671052
70.0	12.8	1768.0667830721213
70.0	13.8	1793.1324607746574
70.0	14.8	1828.5731254454201
70.0	15.8	1687.229008630424
70.0	16.8	1561.1798960853248
70.0	17.8	1486.6098414033745
70.0	18.8	1467.7181034320924
70.0	19.8	1479.2815921700308
70.0	20.8	1373.407417204272
70.0	21.8	1302.1866053646522
70.0	22.8	1287.2329295071097
70.0	23.8	1292.6280889946313
70.0	24.8	1304.188798352696
70.0	25.8	1277.8266665730566
70.0	26.8	1285.4392692711424
70.0	27.8	1226.222784553526
70.0	28.8	1155.1904333602001
70.0	29.8	1114.962072217591
71.0	1.8	388.1580380990911
71.0	2.8	424.9160861591181
71.0	3.8	551.4997093342714
71.0	4.8	625.5996735885345
71.0	5.8	698.4220480591752
71.0	6.8	830.0224977949886
71.0	7.8	928.3218644369445
71.0	8.8	1137.855208404722
71.0	9.8	1430.9260769347677
71.0	10.8	1540.6665129971595
71.0	11.8	1675.4048013671052
71.0	12.8	1768.0667830721213
71.0	13.8	1793.1324607746574
71.0	14.8	1828.5731254454201
71.0	15.8	1687.229008630424
71.0	16.8	1561.1798960853248
71.0	17.8	1486.6098414033745
71.0	18.8	1467.7181034320924
71.0	19.8	1479.2815921700308
71.0	20.8	1373.407417204272
71.0	21.8	1302.1866053646522
71.0	22.8	1287.2329295071097
71.0	23.8	1292.6280889946313
71.0	24.8	1304.188798352696
71.0	25.8	1277.8266665730566
71.0	26.8	1285.4392692711424
71.0	27.8	1226.222784553526
71.0	28.8	1155.1904333602001
71.0	29.8	1114.962072217591
72.0	1.8	388.1580380990911
72.0	2.8	424.9160861591181
72.0	3.8	551.4997093342714
72.0	4.8	625.5996735885345
72.0	5.8	698.4220480591752
72.0	6.8	830.0224977949886
72.0	7.8	928.3218644369445
72.0	8.8	1137.855208404722
72.0	9.8	1430.9260769347677
72.0	10.8	1540.6665129971595
72.0	11.8	1675.4048013671052
72.0	12.8	1768.0667830721213
72.0	13.8	1793.1324607746574
72.0	14.8	1828.5731254454201
72.0	15.8	1687.229008630424
72.0	16.8	1561.1798960853248
72.0	17.8	1486.6098414033745
72.0	18.8	1467.7181034320924
72.0	19.8	1479.2815921700308
72.0	20.8	1373.407417204272
72.0	21.8	1302.1866053646522
72.0	22.8	1287.2329295071097
72.0	23.8	1292.6280889946313
72.0	24.8	1304.188798352696
72.0	25.8	1277.8266665730566
72.0	26.8	1285.4392692711424
72.0	27.8	1226.222784553526
72.0	28.8	1155.1904333602001
72.0	29.8	1114.962072217591
73.0	1.8	388.1580380990911
73.0	2.8	424.9160861591181
73.0	3.8	551.4997093342714
73.0	4.8	625.5996735885345
73.0	5.8	698.4220480591752
73.0	6.8	830.0224977949886
73.0	7.8	928.3218644369445
73.0	8.8	1137.855208404722
73.0	9.8	1430.9260769347677
73.0	10.8	1540.6665129971595
73.0	11.8	1675.4048013671052
73.0	12.8	1768.0667830721213
73.0	13.8	1793.1324607746574
73.0	14.8	1828.5731254454201
73.0	15.8	1687.229008630424
73.0	16.8	1561.1798960853248
73.0	17.8	1486.6098414033745
73.0	18.8	1467.7181034320924
73.0	19.8	1479.2815921700308
73.0	20.8	1373.407417204272
73.0	21.8	1302.1866053646522
73.0	22.8	1287.2329295071097
73.0	23.8	1292.6280889946313
73.0	24.8	1304.188798352696
73.0	25.8	1277.8266665730566
73.0	26.8	1285.4392692711424
73.0	27.8	1226.222784553526
73.0	28.8	1155.1904333602001
73.0	29.8	1114.962072217591
74.0	1.8	388.1580380990911
74.0	2.8	424.9160861591181
74.0	3.8	551.4997093342714
74.0	4.8	625.5996735885345
74.0	5.8	698.4220480591752
74.0	6.8	830.0224977949886
74.0	7.8	928.3218644369445
74.0	8.8	1137.855208404722
74.0	9.8	1430.9260769347677
74.0	10.8	1540.6665129971595
74.0	11.8	1675.4048013671052
74.0	12.8	1768.0667830721213
74.0	13.8	1793.1324607746574
74.0	14.8	1828.5731254454201
74.0	15.8	1687.229008630424
74.0	16.8	1561.1798960853248
74.0	17.8	1486.6098414033745
74.0	18.8	1467.7181034320924
74.0	19.8	1479.2815921700308
74.0	20.8	1373.407417204272
74.0	21.8	1302.1866053646522
74.0	22.8	1287.2329295071097
74.0	23.8	1292.6280889946313
74.0	24.8	1304.188798352696
74.0	25.8	1277.8266665730566
74.0	26.8	1285.4392692711424
74.0	27.8	1226.222784553526
74.0	28.8	1155.1904333602001
74.0	29.8	1114.962072217591
75.0	1.8	388.1580380990911
75.0	2.8	424.9160861591181
75.0	3.8	551.4997093342714
75.0	4.8	625.5996735885345
75.0	5.8	698.4220480591752
75.0	6.8	830.0224977949886
75.0	7.8	928.3218644369445
75.0	8.8	1137.855208404722
75.0	9.8	1430.9260769347677
75.0	10.8	1540.6665129971595
75.0	11.8	1675.4048013671052
75.0	12.8	1768.0667830721213
75.0	13.8	1793.1324607746574
75.0	14.8	1828.5731254454201
75.0	15.8	1687.229008630424
75.0	16.8	1561.1798960853248
75.0	17.8	1486.6098414033745
75.0	18.8	1467.7181034320924
75.0	19.8	1479.2815921700308
75.0	20.8	1373.407417204272
75.0	21.8	1302.1866053646522
75.0	22.8	1287.2329295071097
75.0	23.8	1292.6280889946313
75.0	24.8	1304.188798352696
75.0	25.8	1277.8266665730566
75.0	26.8	1285.4392692711424
75.0	27.8	1226.222784553526
75.0	28.8	1155.1904333602001
75.0	29.8	1114.962072217591
76.0	1.8	388.1580380990911
76.0	2.8	424.9160861591181
76.0	3.8	551.4997093342714
76.0	4.8	625.5996735885345
76.0	5.8	698.4220480591752
76.0	6.8	830.0224977949886
76.0	7.8	928.3218644369445
76.0	8.8	1137.855208404722
76.0	9.8	1430.9260769347677
76.0	10.8	1540.6665129971595
76.0	11.8	1675.4048013671052
76.0	12.8	1768.0667830721213
76.0	13.8	1793.1324607746574
76.0	14.8	1828.5731254454201
76.0	15.8	1687.229008630424
76.0	16.8	1561.1798960853248
76.0	17.8	1486.6098414033745
76.0	18.8	1467.7181034320924
76.0	19.8	1479.2815921700308
76.0	20.8	1373.407417204272
76.0	21.8	1302.1866053646522
76.0	22.8	1287.2329295071097
76.0	23.8	1292.6280889946313
76.0	24.8	1304.188798352696
76.0	25.8	1277.8266665730566
76.0	26.8	1285.4392692711424
76.0	27.8	1226.222784553526
76.0	28.8	1155.1904333602001
76.0	29.8	1114.962072217591
77.0	1.8	388.1580380990911
77.0	2.8	424.9160861591181
77.0	3.8	551.4997093342714
77.0	4.8	625.5996735885345
77.0	5.8	698.4220480591752
77.0	6.8	830.0224977949886
77.0	7.8	928.3218644369445
77.0	8.8	1137.855208404722
77.0	9.8	1430.9260769347677
77.0	10.8	1540.6665129971595
77.0	11.8	1675.4048013671052
77.0	12.8	1768.0667830721213
77.0	13.8	1793.1324607746574
77.0	14.8	1828.5731254454201
77.0	15.8	1687.229008630424
77.0	16.8	1561.1798960853248
77.0	17.8	1486.6098414033745
77.0	18.8	1467.7181034320924
77.0	19.8	1479.2815921700308
77.0	20.8	1373.407417204272
77.0	21.8	1302.1866053646522
77.0	22.8	1287.2329295071097
77.0	23.8	1292.6280889946313
77.0	24.8	1304.188798352696
77.0	25.8	1277.8266665730566
77.0	26.8	1285.4392692711424
77.0	27.8	1226.222784553526
77.0	28.8	1155.1904333602001
77.0	29.8	1114.962072217591
78.0	1.8	388.1580380990911
78.0	2.8	424.9160861591181
78.0	3.8	551.4997093342714
78.0	4.8	625.5996735885345
78.0	5.8	698.4220480591752
78.0	6.8	830.0224977949886
78.0	7.8	928.3218644369445
78.0	8.8	1137.855208404722
78.0	9.8	1430.9260769347677
78.0	10.8	1540.6665129971595
78.0	11.8	1675.4048013671052
78.0	12.8	1768.0667830721213
78.0	13.8	1793.1324607746574
78.0	14.8	1828.5731254454201
78.0	15.8	1687.229008630424
78.0	16.8	1561.1798960853248
78.0	17.8	1486.6098414033745
78.0	18.8	1467.7181034320924
78.0	19.8	1479.2815921700308
78.0	20.8	1373.407417204272
78.0	21.8	1302.1866053646522
78.0	22.8	1287.2329295071097
78.0	23.8	1292.6280889946313
78.0	24.8	1304.188798352696
78.0	25.8	1277.8266665730566
78.0	26.8	1285.4392692711424
78.0	27.8	1226.222784553526
78.0	28.8	1155.1904333602001
78.0	29.8	1114.962072217591
79.0	1.8	388.1580380990911
79.0	2.8	424.9160861591181
79.0	3.8	551.4997093342714
79.0	4.8	625.5996735885345
79.0	5.8	698.4220480591752
79.0	6.8	830.0224977949886
79.0	7.8	928.3218644369445
79.0	8.8	1137.855208404722
79.0	9.8	1430.9260769347677
79.0	10.8	1540.6665129971595
79.0	11.8	1675.4048013671052
79.0	12.8	1768.0667830721213
79.0	13.8	1793.1324607746574
79.0	14.8	1828.5731254454201
79.0	15.8	1687.229008630424
79.0	16.8	1561.1798960853248
79.0	17.8	1486.6098414033745
79.0	18.8	1467.7181034320924
79.0	19.8	1479.2815921700308
79.0	20.8	1373.407417204272
79.0	21.8	1302.1866053646522
79.0	22.8	1287.2329295071097
79.0	23.8	1292.6280889946313
79.0	24.8	1304.188798352696
79.0	25.8	1277.8266665730566
79.0	26.8	1285.4392692711424
79.0	27.8	1226.222784553526
79.0	28.8	1155.1904333602001
79.0	29.8	1114.962072217591
80.0	1.8	388.1580380990911
80.0	2.8	424.9160861591181
80.0	3.8	551.4997093342714
80.0	4.8	625.5996735885345
80.0	5.8	698.4220480591752
80.0	6.8	830.0224977949886
80.0	7.8	928.3218644369445
80.0	8.8	1137.855208404722
80.0	9.8	1430.9260769347677
80.0	10.8	1540.6665129971595
80.0	11.8	1675.4048013671052
80.0	12.8	1768.0667830721213
80.0	13.8	1793.1324607746574
80.0	14.8	1828.5731254454201
80.0	15.8	1687.229008630424
80.0	16.8	1561.1798960853248
80.0	17.8	1486.6098414033745
80.0	18.8	1467.7181034320924
80.0	19.8	1479.2815921700308
80.0	20.8	1373.407417204272
80.0	21.8	1302.1866053646522
80.0	22.8	1287.2329295071097
80.0	23.8	1292.6280889946313
80.0	24.8	1304.188798352696
80.0	25.8	1277.8266665730566
80.0	26.8	1285.4392692711424
80.0	27.8	1226.222784553526
80.0	28.8	1155.1904333602001
80.0	29.8	1114.962072217591
81.0	1.8	388.1580380990911
81.0	2.8	424.9160861591181
81.0	3.8	551.4997093342714
81.0	4.8	625.5996735885345
81.0	5.8	698.4220480591752
81.0	6.8	830.0224977949886
81.0	7.8	928.3218644369445
81.0	8.8	1137.855208404722
81.0	9.8	1430.9260769347677
81.0	10.8	1540.6665129971595
81.0	11.8	1675.4048013671052
81.0	12.8	1768.0667830721213
81.0	13.8	1793.1324607746574
81.0	14.8	1828.5731254454201
81.0	15.8	1687.229008630424
81.0	16.8	1561.1798960853248
81.0	17.8	1486.6098414033745
81.0	18.8	1467.7181034320924
81.0	19.8	1479.2815921700308
81.0	20.8	1373.407417204272
81.0	21.8	1302.1866053646522
81.0	22.8	1287.2329295071097
81.0	23.8	1292.6280889946313
81.0	24.8	1304.188798352696
81.0	25.8	1277.8266665730566
81.0	26.8	1285.4392692711424
81.0	27.8	1226.222784553526
81.0	28.8	1155.1904333602001
81.0	29.8	1114.962072217591
82.0	1.8	388.1580380990911
82.0	2.8	424.9160861591181
82.0	3.8	551.4997093342714
82.0	4.8	625.5996735885345
82.0	5.8	698.4220480591752
82.0	6.8	830.0224977949886
82.0	7.8	928.3218644369445
82.0	8.8	1137.855208404722
82.0	9.8	1430.9260769347677
82.0	10.8	1540.6665129971595
82.0	11.8	1675.4048013671052
82.0	12.8	1768.0667830721213
82.0	13.8	1793.1324607746574
82.0	14.8	1828.5731254454201
82.0	15.8	1687.229008630424
82.0	16.8	1561.1798960853248
82.0	17.8	1486.6098414033745
82.0	18.8	1467.7181034320924
82.0	19.8	1479.2815921700308
82.0	20.8	1373.407417204272
82.0	21.8	1302.1866053646522
82.0	22.8	1287.2329295071097
82.0	23.8	1292.6280889946313
82.0	24.8	1304.188798352696
82.0	25.8	1277.8266665730566
82.0	26.8	1285.4392692711424
82.0	27.8	1226.222784553526
82.0	28.8	1155.1904333602001
82.0	29.8	1114.962072217591
83.0	1.8	388.1580380990911
83.0	2.8	424.9160861591181
83.0	3.8	551.4997093342714
83.0	4.8	625.5996735885345
83.0	5.8	698.4220480591752
83.0	6.8	830.0224977949886
83.0	7.8	928.3218644369445
83.0	8.8	1137.855208404722
83.0	9.8	1430.9260769347677
83.0	10.8	1540.6665129971595
83.0	11.8	1675.4048013671052
83.0	12.8	1768.0667830721213
83.0	13.8	1793.1324607746574
83.0	14.8	1828.5731254454201
83.0	15.8	1687.229008630424
83.0	16.8	1561.1798960853248
83.0	17.8	1486.6098414033745
83.0	18.8	1467.7181034320924
83.0	19.8	1479.2815921700308
83.0	20.8	1373.407417204272
83.0	21.8	1302.1866053646522
83.0	22.8	1287.2329295071097
83.0	23.8	1292.6280889946313
83.0	24.8	1304.188798352696
83.0	25.8	1277.8266665730566
83.0	26.8	1285.4392692711424
83.0	27.8	1226.222784553526
83.0	28.8	1155.1904333602001
83.0	29.8	1114.962072217591
84.0	1.8	388.1580380990911
84.0	2.8	424.9160861591181
84.0	3.8	551.4997093342714
84.0	4.8	625.5996735885345
84.0	5.8	698.4220480591752
84.0	6.8	830.0224977949886
84.0	7.8	928.3218644369445
84.0	8.8	1137.855208404722
84.0	9.8	1430.9260769347677
84.0	10.8	1540.6665129971595
84.0	11.8	1675.4048013671052
84.0	12.8	1768.0667830721213
84.0	13.8	1793.1324607746574
84.0	14.8	1828.5731254454201
84.0	15.8	1687.229008630424
84.0	16.8	1561.1798960853248
84.0	17.8	1486.6098414033745
84.0	18.8	1467.7181034320924
84.0	19.8	1479.2815921700308
84.0	20.8	1373.407417204272
84.0	21.8	1302.1866053646522
84.0	22.8	1287.2329295071097
84.0	23.8	1292.6280889946313
84.0	24.8	1304.188798352696
84.0	25.8	1277.8266665730566
84.0	26.8	1285.4392692711424
84.0	27.8	1226.222784553526
84.0	28.8	1155.1904333602001
84.0	29.8	1114.962072217591
85.0	1.8	388.1580380990911
85.0	2.8	424.9160861591181
85.0	3.8	551.4997093342714
85.0	4.8	625.5996735885345
85.0	5.8	698.4220480591752
85.0	6.8	830.0224977949886
85.0	7.8	928.3218644369445
85.0	8.8	1137.855208404722
85.0	9.8	1430.9260769347677
85.0	10.8	1540.6665129971595
85.0	11.8	1675.4048013671052
85.0	12.8	1768.0667830721213
85.0	13.8	1793.1324607746574
85.0	14.8	1828.5731254454201
85.0	15.8	1687.229008630424
85.0	16.8	1561.1798960853248
85.0	17.8	1486.6098414033745
85.0	18.8	1467.7181034320924
85.0	19.8	1479.2815921700308
85.0	20.8	1373.407417204272
85.0	21.8	1302.1866053646522
85.0	22.8	1287.2329295071097
85.0	23.8	1292.6280889946313
85.0	24.8	1304.188798352696
85.0	25.8	1277.8266665730566
85.0	26.8	1285.4392692711424
85.0	27.8	1226.222784553526
85.0	28.8	1155.1904333602001
85.0	29.8	1114.962072217591
86.0	1.8	388.1580380990911
86.0	2.8	424.9160861591181
86.0	3.8	551.4997093342714
86.0	4.8	625.5996735885345
86.0	5.8	698.4220480591752
86.0	6.8	830.0224977949886
86.0	7.8	928.3218644369445
86.0	8.8	1137.855208404722
86.0	9.8	1430.9260769347677
86.0	10.8	1540.6665129971595
86.0	11.8	1675.4048013671052
86.0	12.8	1768.0667830721213
86.0	13.8	1793.1324607746574
86.0	14.8	1828.5731254454201
86.0	15.8	1687.229008630424
86.0	16.8	1561.1798960853248
86.0	17.8	1486.6098414033745
86.0	18.8	1467.7181034320924
86.0	19.8	1479.2815921700308
86.0	20.8	1373.407417204272
86.0	21.8	1302.1866053646522
86.0	22.8	1287.2329295071097
86.0	23.8	1292.6280889946313
86.0	24.8	1304.188798352696
86.0	25.8	1277.8266665730566
86.0	26.8	1285.4392692711424
86.0	27.8	1226.222784553526
86.0	28.8	1155.1904333602001
86.0	29.8	1114.962072217591
87.0	1.8	388.1580380990911
87.0	2.8	424.9160861591181
87.0	3.8	551.4997093342714
87.0	4.8	625.5996735885345
87.0	5.8	698.4220480591752
87.0	6.8	830.0224977949886
87.0	7.8	928.3218644369445
87.0	8.8	1137.855208404722
87.0	9.8	1430.9260769347677
87.0	10.8	1540.6665129971595
87.0	11.8	1675.4048013671052
87.0	12.8	1768.0667830721213
87.0	13.8	1793.1324607746574
87.0	14.8	1828.5731254454201
87.0	15.8	1687.229008630424
87.0	16.8	1561.1798960853248
87.0	17.8	1486.6098414033745
87.0	18.8	1467.7181034320924
87.0	19.8	1479.2815921700308
87.0	20.8	1373.407417204272
87.0	21.8	1302.1866053646522
87.0	22.8	1287.2329295071097
87.0	23.8	1292.6280889946313
87.0	24.8	1304.188798352696
87.0	25.8	1277.8266665730566
87.0	26.8	1285.4392692711424
87.0	27.8	1226.222784553526
87.0	28.8	1155.1904333602001
87.0	29.8	1114.962072217591
88.0	1.8	388.1580380990911
88.0	2.8	424.9160861591181
88.0	3.8	551.4997093342714
88.0	4.8	625.5996735885345
88.0	5.8	698.4220480591752
88.0	6.8	830.0224977949886
88.0	7.8	928.3218644369445
88.0	8.8	1137.855208404722
88.0	9.8	1430.9260769347677
88.0	10.8	1540.6665129971595
88.0	11.8	1675.4048013671052
88.0	12.8	1768.0667830721213
88.0	13.8	1793.1324607746574
88.0	14.8	1828.5731254454201
88.0	15.8	1687.229008630424
88.0	16.8	1561.1798960853248
88.0	17.8	1486.6098414033745
88.0	18.8	1467.7181034320924
88.0	19.8	1479.2815921700308
88.0	20.8	1373.407417204272
88.0	21.8	1302.1866053646522
88.0	22.8	1287.2329295071097
88.0	23.8	1292.6280889946313
88.0	24.8	1304.188798352696
88.0	25.8	1277.8266665730566
88.0	26.8	1285.4392692711424
88.0	27.8	1226.222784553526
88.0	28.8	1155.1904333602001
88.0	29.8	1114.962072217591
89.0	1.8	388.1580380990911
89.0	2.8	424.9160861591181
89.0	3.8	551.4997093342714
89.0	4.8	625.5996735885345
89.0	5.8	698.4220480591752
89.0	6.8	830.0224977949886
89.0	7.8	928.3218644369445
89.0	8.8	1137.855208404722
89.0	9.8	1430.9260769347677
89.0	10.8	1540.6665129971595
89.0	11.8	1675.4048013671052
89.0	12.8	1768.0667830721213
89.0	13.8	1793.1324607746574
89.0	14.8	1828.5731254454201
89.0	15.8	1687.229008630424
89.0	16.8	1561.1798960853248
89.0	17.8	1486.6098414033745
89.0	18.8	1467.7181034320924
89.0	19.8	1479.2815921700308
89.0	20.8	1373.407417204272
89.0	21.8	1302.1866053646522
89.0	22.8	1287.2329295071097
89.0	23.8	1292.6280889946313
89.0	24.8	1304.188798352696
89.0	25.8	1277.8266665730566
89.0	26.8	1285.4392692711424
89.0	27.8	1226.222784553526
89.0	28.8	1155.1904333602001
89.0	29.8	1114.962072217591
90.0	1.8	388.1580380990911
90.0	2.8	424.9160861591181
90.0	3.8	551.4997093342714
90.0	4.8	625.5996735885345
90.0	5.8	698.4220480591752
90.0	6.8	830.0224977949886
90.0	7.8	928.3218644369445
90.0	8.8	1137.855208404722
90.0	9.8	1430.9260769347677
90.0	10.8	1540.6665129971595
90.0	11.8	1675.4048013671052
90.0	12.8	1768.0667830721213
90.0	13.8	1793.1324607746574
90.0	14.8	1828.5731254454201
90.0	15.8	1687.229008630424
90.0	16.8	1561.1798960853248
90.0	17.8	1486.6098414033745
90.0	18.8	1467.7181034320924
90.0	19.8	1479.2815921700308
90.0	20.8	1373.407417204272
90.0	21.8	1302.1866053646522
90.0	22.8	1287.2329295071097
90.0	23.8	1292.6280889946313
90.0	24.8	1304.188798352696
90.0	25.8	1277.8266665730566
90.0	26.8	1285.4392692711424
90.0	27.8	1226.222784553526
90.0	28.8	1155.1904333602001
90.0	29.8	1114.962072217591
91.0	1.8	388.1580380990911
91.0	2.8	424.9160861591181
91.0	3.8	551.4997093342714
91.0	4.8	625.5996735885345
91.0	5.8	698.4220480591752
91.0	6.8	830.0224977949886
91.0	7.8	928.3218644369445
91.0	8.8	1137.855208404722
91.0	9.8	1430.9260769347677
91.0	10.8	1540.6665129971595
91.0	11.8	1675.4048013671052
91.0	12.8	1768.0667830721213
91.0	13.8	1793.1324607746574
91.0	14.8	1828.5731254454201
91.0	15.8	1687.229008630424
91.0	16.8	1561.1798960853248
91.0	17.8	1486.6098414033745
91.0	18.8	1467.7181034320924
91.0	19.8	1479.2815921700308
91.0	20.8	1373.407417204272
91.0	21.8	1302.1866053646522
91.0	22.8	1287.2329295071097
91.0	23.8	1292.6280889946313
91.0	24.8	1304.188798352696
91.0	25.8	1277.8266665730566
91.0	26.8	1285.4392692711424
91.0	27.8	1226.222784553526
91.0	28.8	1155.1904333602001
91.0	29.8	1114.962072217591
92.0	1.8	388.1580380990911
92.0	2.8	424.9160861591181
92.0	3.8	551.4997093342714
92.0	4.8	625.5996735885345
92.0	5.8	698.4220480591752
92.0	6.8	830.0224977949886
92.0	7.8	928.3218644369445
92.0	8.8	1137.855208404722
92.0	9.8	1430.9260769347677
92.0	10.8	1540.6665129971595
92.0	11.8	1675.4048013671052
92.0	12.8	1768.0667830721213
92.0	13.8	1793.1324607746574
92.0	14.8	1828.5731254454201
92.0	15.8	1687.229008630424
92.0	16.8	1561.1798960853248
92.0	17.8	1486.6098414033745
92.0	18.8	1467.7181034320924
92.0	19.8	1479.2815921700308
92.0	20.8	1373.407417204272
92.0	21.8	1302.1866053646522
92.0	22.8	1287.2329295071097
92.0	23.8	1292.6280889946313
92.0	24.8	1304.188798352696
92.0	25.8	1277.8266665730566
92.0	26.8	1285.4392692711424
92.0	27.8	1226.222784553526
92.0	28.8	1155.1904333602001
92.0	29.8	1114.962072217591
93.0	1.8	388.1580380990911
93.0	2.8	424.9160861591181
93.0	3.8	551.4997093342714
93.0	4.8	625.5996735885345
93.0	5.8	698.4220480591752
93.0	6.8	830.0224977949886
93.0	7.8	928.3218644369445
93.0	8.8	1137.855208404722
93.0	9.8	1430.9260769347677
93.0	10.8	1540.6665129971595
93.0	11.8	1675.4048013671052
93.0	12.8	1768.0667830721213
93.0	13.8	1793.1324607746574
93.0	14.8	1828.5731254454201
93.0	15.8	1687.229008630424
93.0	16.8	1561.1798960853248
93.0	17.8	1486.6098414033745
93.0	18.8	1467.7181034320924
93.0	19.8	1479.2815921700308
93.0	20.8	1373.407417204272
93.0	21.8	1302.1866053646522
93.0	22.8	1287.2329295071097
93.0	23.8	1292.6280889946313
93.0	24.8	1304.188798352696
93.0	25.8	1277.8266665730566
93.0	26.8	1285.4392692711424
93.0	27.8	1226.222784553526
93.0	28.8	1155.1904333602001
93.0	29.8	1114.962072217591
94.0	1.8	388.1580380990911
94.0	2.8	424.9160861591181
94.0	3.8	551.4997093342714
94.0	4.8	625.5996735885345
94.0	5.8	698.4220480591752
94.0	6.8	830.0224977949886
94.0	7.8	928.3218644369445
94.0	8.8	1137.855208404722
94.0	9.8	1430.9260769347677
94.0	10.8	1540.6665129971595
94.0	11.8	1675.4048013671052
94.0	12.8	1768.0667830721213
94.0	13.8	1793.1324607746574
94.0	14.8	1828.5731254454201
94.0	15.8	1687.229008630424
94.0	16.8	1561.1798960853248
94.0	17.8	1486.6098414033745
94.0	18.8	1467.7181034320924
94.0	19.8	1479.2815921700308
94.0	20.8	1373.407417204272
94.0	21.8	1302.1866053646522
94.0	22.8	1287.2329295071097
94.0	23.8	1292.6280889946313
94.0	24.8	1304.188798352696
94.0	25.8	1277.8266665730566
94.0	26.8	1285.4392692711424
94.0	27.8	1226.222784553526
94.0	28.8	1155.1904333602001
94.0	29.8	1114.962072217591
95.0	1.8	388.1580380990911
95.0	2.8	424.9160861591181
95.0	3.8	551.4997093342714
95.0	4.8	625.5996735885345
95.0	5.8	698.4220480591752
95.0	6.8	830.0224977949886
95.0	7.8	928.3218644369445
95.0	8.8	1137.855208404722
95.0	9.8	1430.9260769347677
95.0	10.8	1540.6665129971595
95.0	11.8	1675.4048013671052
95.0	12.8	1768.0667830721213
95.0	13.8	1793.1324607746574
95.0	14.8	1828.5731254454201
95.0	15.8	1687.229008630424
95.0	16.8	1561.1798960853248
95.0	17.8	1486.6098414033745
95.0	18.8	1467.7181034320924
95.0	19.8	1479.2815921700308
95.0	20.8	1373.407417204272
95.0	21.8	1302.1866053646522
95.0	22.8	1287.2329295071097
95.0	23.8	1292.6280889946313
95.0	24.8	1304.188798352696
95.0	25.8	1277.8266665730566
95.0	26.8	1285.4392692711424
95.0	27.8	1226.222784553526
95.0	28.8	1155.1904333602001
95.0	29.8	1114.962072217591
96.0	1.8	388.1580380990911
96.0	2.8	424.9160861591181
96.0	3.8	551.4997093342714
96.0	4.8	625.5996735885345
96.0	5.8	698.4220480591752
96.0	6.8	830.0224977949886
96.0	7.8	928.3218644369445
96.0	8.8	1137.855208404722
96.0	9.8	1430.9260769347677
96.0	10.8	1540.6665129971595
96.0	11.8	1675.4048013671052
96.0	12.8	1768.0667830721213
96.0	13.8	1793.1324607746574
96.0	14.8	1828.5731254454201
96.0	15.8	1687.229008630424
96.0	16.8	1561.1798960853248
96.0	17.8	1486.6098414033745
96.0	18.8	1467.7181034320924
96.0	19.8	1479.2815921700308
96.0	20.8	1373.407417204272
96.0	21.8	1302.1866053646522
96.0	22.8	1287.2329295071097
96.0	23.8	1292.6280889946313
96.0	24.8	1304.188798352696
96.0	25.8	1277.8266665730566
96.0	26.8	1285.4392692711424
96.0	27.8	1226.222784553526
96.0	28.8	1155.1904333602001
96.0	29.8	1114.962072217591
97.0	1.8	388.1580380990911
97.0	2.8	424.9160861591181
97.0	3.8	551.4997093342714
97.0	4.8	625.5996735885345
97.0	5.8	698.4220480591752
97.0	6.8	830.0224977949886
97.0	7.8	928.3218644369445
97.0	8.8	1137.855208404722
97.0	9.8	1430.9260769347677
97.0	10.8	1540.6665129971595
97.0	11.8	1675.4048013671052
97.0	12.8	1768.0667830721213
97.0	13.8	1793.1324607746574
97.0	14.8	1828.5731254454201
97.0	15.8	1687.229008630424
97.0	16.8	1561.1798960853248
97.0	17.8	1486.6098414033745
97.0	18.8	1467.7181034320924
97.0	19.8	1479.2815921700308
97.0	20.8	1373.407417204272
97.0	21.8	1302.1866053646522
97.0	22.8	1287.2329295071097
97.0	23.8	1292.6280889946313
97.0	24.8	1304.188798352696
97.0	25.8	1277.8266665730566
97.0	26.8	1285.4392692711424
97.0	27.8	1226.222784553526
97.0	28.8	1155.1904333602001
97.0	29.8	1114.962072217591
98.0	1.8	388.1580380990911
98.0	2.8	424.9160861591181
98.0	3.8	551.4997093342714
98.0	4.8	625.5996735885345
98.0	5.8	698.4220480591752
98.0	6.8	830.0224977949886
98.0	7.8	928.3218644369445
98.0	8.8	1137.855208404722
98.0	9.8	1430.9260769347677
98.0	10.8	1540.6665129971595
98.0	11.8	1675.4048013671052
98.0	12.8	1768.0667830721213
98.0	13.8	1793.1324607746574
98.0	14.8	1828.5731254454201
98.0	15.8	1687.229008630424
98.0	16.8	1561.1798960853248
98.0	17.8	1486.6098414033745
98.0	18.8	1467.7181034320924
98.0	19.8	1479.2815921700308
98.0	20.8	1373.407417204272
98.0	21.8	1302.1866053646522
98.0	22.8	1287.2329295071097
98.0	23.8	1292.6280889946313
98.0	24.8	1304.188798352696
98.0	25.8	1277.8266665730566
98.0	26.8	1285.4392692711424
98.0	27.8	1226.222784553526
98.0	28.8	1155.1904333602001
98.0	29.8	1114.962072217591
99.0	1.8	388.1580380990911
99.0	2.8	424.9160861591181
99.0	3.8	551.4997093342714
99.0	4.8	625.5996735885345
99.0	5.8	698.4220480591752
99.0	6.8	830.0224977949886
99.0	7.8	928.3218644369445
99.0	8.8	1137.855208404722
99.0	9.8	1430.9260769347677
99.0	10.8	1540.6665129971595
99.0	11.8	1675.4048013671052
99.0	12.8	1768.0667830721213
99.0	13.8	1793.1324607746574
99.0	14.8	1828.5731254454201
99.0	15.8	1687.229008630424
99.0	16.8	1561.1798960853248
99.0	17.8	1486.6098414033745
99.0	18.8	1467.7181034320924
99.0	19.8	1479.2815921700308
99.0	20.8	1373.407417204272
99.0	21.8	1302.1866053646522
99.0	22.8	1287.2329295071097
99.0	23.8	1292.6280889946313
99.0	24.8	1304.188798352696
99.0	25.8	1277.8266665730566
99.0	26.8	1285.4392692711424
99.0	27.8	1226.222784553526
99.0	28.8	1155.1904333602001
99.0	29.8	1114.962072217591
100.0	1.8	388.1580380990911
100.0	2.8	424.9160861591181
100.0	3.8	551.4997093342714
100.0	4.8	625.5996735885345
100.0	5.8	698.4220480591752
100.0	6.8	830.0224977949886
100.0	7.8	928.3218644369445
100.0	8.8	1137.855208404722
100.0	9.8	1430.9260769347677
100.0	10.8	1540.6665129971595
100.0	11.8	1675.4048013671052
100.0	12.8	1768.0667830721213
100.0	13.8	1793.1324607746574
100.0	14.8	1828.5731254454201
100.0	15.8	1687.229008630424
100.0	16.8	1561.1798960853248
100.0	17.8	1486.6098414033745
100.0	18.8	1467.7181034320924
100.0	19.8	1479.2815921700308
100.0	20.8	1373.407417204272
100.0	21.8	1302.1866053646522
100.0	22.8	1287.2329295071097
100.0	23.8	1292.6280889946313
100.0	24.8	1304.188798352696
100.0	25.8	1277.8266665730566
100.0	26.8	1285.4392692711424
100.0	27.8	1226.222784553526
100.0	28.8	1155.1904333602001
100.0	29.8	1114.962072217591
